model,db_path,table,sql_query,question,result,valid_efficiency_score,cell_precision,cell_recall,execution_accuracy,tuple_cardinality,tuple_constraint,tuple_order
gpt-4o_mini,data/db_numerical_simple.sqlite,BMI,SELECT * FROM `BMI` ORDER BY `height_m` ASC LIMIT 5,"List the top 5 rows from the table `BMI`, sorted by the column `height_m` in ascending order.","[['6', 'Grace', '1.52', '67.8', '29.3', 'Medium'], ['29', 'Lily', '1.52', '69.4', '30.0', 'Medium'], ['10', 'Karen', '1.51', '54.2', '23.8', 'Low'], ['21', 'Victor', '1.56', '103.1', '42.4', 'High'], ['5', 'Frank', '1.56', '105.6', '43.4', 'High']]",0.0,0.846,0.846,0,1.0,0.8,0.7
gpt-4o_mini,data/db_numerical_simple.sqlite,BMI,SELECT * FROM `BMI` ORDER BY `height_m` DESC LIMIT 5,"List the top 5 rows from the table `BMI`, sorted by the column `height_m` in descending order.","[['11', 'Leo', '1.89', '82.1', '23.0', 'Low'], ['1', 'Bob', '1.88', '57.8', '16.4', 'Low'], ['7', 'Helen', '1.85', '52.3', '15.3', 'Low'], ['12', 'Maria', '1.83', '47.6', '14.2', 'Low'], ['25', 'Zane', '1.81', '114.1', '34.8', 'Medium']]",0.0,1.0,1.0,1,1.0,1.0,1.0
gpt-4o_mini,data/db_numerical_simple.sqlite,BMI,SELECT * FROM `BMI` ORDER BY `weight_kg` ASC LIMIT 5,"List the top 5 rows from the table `BMI`, sorted by the column `weight_kg` in ascending order.","[['12', 'Maria', '1.83', '47.6', '14.2', 'Low'], ['28', 'Mia', '1.74', '48.4', '16.0', 'Low'], ['2', 'Carla', '1.79', '49.9', '15.6', 'Low'], ['26', 'Liam', '1.58', '51.6', '20.7', 'Low'], ['7', 'Helen', '1.85', '52.3', '15.3', 'Low']]",0.0,0.038,0.038,0,1.0,0.0,0.5
gpt-4o_mini,data/db_numerical_simple.sqlite,BMI,SELECT * FROM `BMI` ORDER BY `weight_kg` DESC LIMIT 5,"List the top 5 rows from the table `BMI`, sorted by the column `weight_kg` in descending order.","[['20', 'Uma', '1.74', '117.7', '38.9', 'High'], ['4', 'Emma', '1.56', '117.4', '48.2', 'High'], ['22', 'Wendy', '1.62', '115.5', '44.0', 'High'], ['25', 'Zane', '1.81', '114.1', '34.8', 'Medium'], ['13', 'Nina', '1.58', '113.2', '45.3', 'High']]",0.0,0.111,0.115,0,1.0,0.0,0.5
gpt-4o_mini,data/db_numerical_simple.sqlite,BMI,SELECT * FROM `BMI` ORDER BY `BMI` ASC LIMIT 5,"List the top 5 rows from the table `BMI`, sorted by the column `BMI` in ascending order.","[['12', 'Maria', '1.83', '47.6', '14.2', 'Low'], ['7', 'Helen', '1.85', '52.3', '15.3', 'Low'], ['2', 'Carla', '1.79', '49.9', '15.6', 'Low'], ['28', 'Mia', '1.74', '48.4', '16.0', 'Low'], ['1', 'Bob', '1.88', '57.8', '16.4', 'Low']]",0.0,1.0,1.0,1,1.0,1.0,1.0
gpt-4o_mini,data/db_numerical_simple.sqlite,BMI,SELECT * FROM `BMI` ORDER BY `BMI` DESC LIMIT 5,"List the top 5 rows from the table `BMI`, sorted by the column `BMI` in descending order.","[['6', 'Grace', '1.52', '67.8', '29.3', 'Medium'], ['10', 'Karen', '1.51', '54.2', '23.8', 'Low'], ['29', 'Lily', '1.52', '69.4', '30.0', 'Medium'], ['13', 'Nina', '1.58', '113.2', '45.3', 'High'], ['26', 'Liam', '1.58', '51.6', '20.7', 'Low']]",0.0,0.231,0.25,0,1.0,0.2,1.0
gpt-4o_mini,data/db_numerical_simple.sqlite,BMI,SELECT * FROM `BMI` ORDER BY `height_m` + `weight_kg` + `risk_category` ASC LIMIT 5,"Compute the sum of the columns height_m, weight_kg, risk_category for each row in `BMI`. Sort all rows in ascending order by this sum and return the first 5 rows.","[['12', 'Maria', '1.83', '47.6', '14.2', 'Low'], ['28', 'Mia', '1.74', '48.4', '16.0', 'Low'], ['2', 'Carla', '1.79', '49.9', '15.6', 'Low'], ['26', 'Liam', '1.58', '51.6', '20.7', 'Low'], ['7', 'Helen', '1.85', '52.3', '15.3', 'Low']]",0.0,1.0,1.0,1,1.0,1.0,1.0
gpt-4o_mini,data/db_numerical_simple.sqlite,BMI,SELECT * FROM `BMI` ORDER BY `height_m` + `weight_kg` + `risk_category` DESC LIMIT 5,"Compute the sum of the columns height_m, weight_kg, risk_category for each row in `BMI`. Sort all rows in descending order by this sum and return the first 5 rows.","[['20', 'Uma', '1.74', '117.7', '38.9', 'High'], ['4', 'Emma', '1.56', '117.4', '48.2', 'High'], ['22', 'Wendy', '1.62', '115.5', '44.0', 'High'], ['25', 'Zane', '1.81', '114.1', '34.8', 'Medium'], ['23', 'Xander', '1.65', '112.1', '41.2', 'High']]",0.0,0.815,0.846,0,1.0,0.8,1.0
gpt-4o_mini,data/db_numerical_simple.sqlite,BMI,SELECT * FROM `BMI` ORDER BY `weight_kg` + `BMI` ASC LIMIT 5,"Compute the sum of the columns weight_kg, BMI for each row in `BMI`. Sort all rows in ascending order by this sum and return the first 5 rows.","[['12', 'Maria', '1.83', '47.6', '14.2', 'Low', 61.8], ['28', 'Mia', '1.74', '48.4', '16.0', 'Low', 64.4], ['2', 'Carla', '1.79', '49.9', '15.6', 'Low', 65.5], ['7', 'Helen', '1.85', '52.3', '15.3', 'Low', 67.6], ['26', 'Liam', '1.58', '51.6', '20.7', 'Low', 72.3]]",0.0,0.839,1.0,0,1.0,0.0,0.5
gpt-4o_mini,data/db_numerical_simple.sqlite,BMI,SELECT * FROM `BMI` ORDER BY `weight_kg` + `BMI` DESC LIMIT 5,"Compute the sum of the columns weight_kg, BMI for each row in `BMI`. Sort all rows in descending order by this sum and return the first 5 rows.","[['4', 'Emma', '1.56', '117.4', '48.2', 'High', 165.6], ['20', 'Uma', '1.74', '117.7', '38.9', 'High', 156.6], ['13', 'Nina', '1.58', '113.2', '45.3', 'High', 158.5], ['22', 'Wendy', '1.62', '115.5', '44.0', 'High', 159.5], ['25', 'Zane', '1.81', '114.1', '34.8', 'Medium', 148.9]]",0.0,0.656,0.84,0,1.0,0.0,0.5
gpt-4o_mini,data/db_numerical_simple.sqlite,BMI,SELECT * FROM `BMI` ORDER BY `height_m` + `BMI` + `risk_category` ASC LIMIT 5,"Compute the sum of the columns height_m, BMI, risk_category for each row in `BMI`. Sort all rows in ascending order by this sum and return the first 5 rows.","[['12', 'Maria', '1.83', '47.6', '14.2', 'Low', 16.03], ['7', 'Helen', '1.85', '52.3', '15.3', 'Low', 17.15], ['2', 'Carla', '1.79', '49.9', '15.6', 'Low', 17.39], ['28', 'Mia', '1.74', '48.4', '16.0', 'Low', 17.74], ['1', 'Bob', '1.88', '57.8', '16.4', 'Low', 18.28]]",0.0,0.839,1.0,0,1.0,0.0,0.5
gpt-4o_mini,data/db_numerical_simple.sqlite,BMI,SELECT * FROM `BMI` ORDER BY `height_m` + `BMI` + `risk_category` DESC LIMIT 5,"Compute the sum of the columns height_m, BMI, risk_category for each row in `BMI`. Sort all rows in descending order by this sum and return the first 5 rows.","[['4', 'Emma', '1.56', '117.4', '48.2', 'High', 51.56], ['13', 'Nina', '1.58', '113.2', '45.3', 'High', 48.88], ['22', 'Wendy', '1.62', '115.5', '44.0', 'High', 47.62], ['5', 'Frank', '1.56', '105.6', '43.4', 'High', 46.96], ['21', 'Victor', '1.56', '103.1', '42.4', 'High', 45.96]]",0.0,0.828,1.0,0,1.0,0.0,0.5
gpt-4o_mini,data/db_numerical_simple.sqlite,BMI,SELECT * FROM `BMI` ORDER BY `weight_kg` + `risk_category` ASC LIMIT 5,"Compute the sum of the columns weight_kg, risk_category for each row in `BMI`. Sort all rows in ascending order by this sum and return the first 5 rows.","[['7', 'Helen', '1.85', '52.3', '15.3', 'Low', 1, 53.3], ['1', 'Bob', '1.88', '57.8', '16.4', 'Low', 1, 58.8], ['28', 'Mia', '1.74', '48.4', '16.0', 'Low', 1, 49.4], ['26', 'Liam', '1.58', '51.6', '20.7', 'Low', 1, 52.6], ['2', 'Carla', '1.79', '49.9', '15.6', 'Low', 1, 50.9]]",0.0,0.656,0.808,0,1.0,0.0,0.5
gpt-4o_mini,data/db_numerical_simple.sqlite,BMI,SELECT * FROM `BMI` ORDER BY `weight_kg` + `risk_category` DESC LIMIT 5,"Compute the sum of the columns weight_kg, risk_category for each row in `BMI`. Sort all rows in descending order by this sum and return the first 5 rows.","[['4', 'Emma', '1.56', '117.4', '48.2', 'High'], ['20', 'Uma', '1.74', '117.7', '38.9', 'High'], ['22', 'Wendy', '1.62', '115.5', '44.0', 'High'], ['25', 'Zane', '1.81', '114.1', '34.8', 'Medium'], ['23', 'Xander', '1.65', '112.1', '41.2', 'High']]",0.0,0.815,0.846,0,1.0,0.8,0.9
gpt-4o_mini,data/db_numerical_simple.sqlite,BMI,SELECT * FROM `BMI` ORDER BY `height_m` + `risk_category` ASC LIMIT 5,"Compute the sum of the columns height_m, risk_category for each row in `BMI`. Sort all rows in ascending order by this sum and return the first 5 rows.","[['7', 'Helen', '1.85', '52.3', '15.3', 'Low'], ['10', 'Karen', '1.51', '54.2', '23.8', 'Low'], ['1', 'Bob', '1.88', '57.8', '16.4', 'Low'], ['2', 'Carla', '1.79', '49.9', '15.6', 'Low'], ['12', 'Maria', '1.83', '47.6', '14.2', 'Low']]",0.0,0.231,0.231,0,1.0,0.2,1.0
gpt-4o_mini,data/db_numerical_simple.sqlite,BMI,SELECT * FROM `BMI` ORDER BY `height_m` + `risk_category` DESC LIMIT 5,"Compute the sum of the columns height_m, risk_category for each row in `BMI`. Sort all rows in descending order by this sum and return the first 5 rows.","[['10', 'Karen', '1.51', '54.2', '23.8', 'Low'], ['7', 'Helen', '1.85', '52.3', '15.3', 'Low'], ['1', 'Bob', '1.88', '57.8', '16.4', 'Low'], ['2', 'Carla', '1.79', '49.9', '15.6', 'Low'], ['12', 'Maria', '1.83', '47.6', '14.2', 'Low']]",0.0,0.615,0.593,0,1.0,0.6,0.75
gpt-4o_mini,data/db_numerical_simple.sqlite,BMI,SELECT `height_m` FROM `BMI` ORDER BY `height_m` ASC LIMIT 5,Select only the column `height_m` from `BMI`. Sort it in ascending order and return the first 5 values.,"[['1.51'], ['1.52'], ['1.52'], ['1.56'], ['1.56']]",0.0,1.0,1.0,1,1.0,1.0,1.0
gpt-4o_mini,data/db_numerical_simple.sqlite,BMI,SELECT `height_m` FROM `BMI` ORDER BY `height_m` DESC LIMIT 5,Select only the column `height_m` from `BMI`. Sort it in descending order and return the first 5 values.,"[['1.89'], ['1.88'], ['1.85'], ['1.83'], ['1.81']]",0.0,1.0,1.0,1,1.0,1.0,1.0
gpt-4o_mini,data/db_numerical_simple.sqlite,BMI,SELECT `weight_kg` FROM `BMI` ORDER BY `weight_kg` ASC LIMIT 5,Select only the column `weight_kg` from `BMI`. Sort it in ascending order and return the first 5 values.,"[['47.6'], ['48.4'], ['49.9'], ['51.6'], ['52.3']]",0.0,0.0,0.0,0,1.0,0.0,0.5
gpt-4o_mini,data/db_numerical_simple.sqlite,BMI,SELECT `weight_kg` FROM `BMI` ORDER BY `weight_kg` DESC LIMIT 5,Select only the column `weight_kg` from `BMI`. Sort it in descending order and return the first 5 values.,"[['117.7'], ['117.4'], ['116.2'], ['115.5'], ['114.1']]",0.0,0.0,0.0,0,1.0,0.0,0.5
gpt-4o_mini,data/db_numerical_simple.sqlite,BMI,SELECT `BMI` FROM `BMI` ORDER BY `BMI` ASC LIMIT 5,Select only the column `BMI` from `BMI`. Sort it in ascending order and return the first 5 values.,"[['14.2'], ['15.3'], ['15.6'], ['16.0'], ['16.4']]",0.0,1.0,1.0,1,1.0,1.0,1.0
gpt-4o_mini,data/db_numerical_simple.sqlite,BMI,SELECT `BMI` FROM `BMI` ORDER BY `BMI` DESC LIMIT 5,Select only the column `BMI` from `BMI`. Sort it in descending order and return the first 5 values.,"[['48.2'], ['45.3'], ['44.0'], ['42.4'], ['41.2']]",0.0,0.8,0.8,0,1.0,0.8,1.0
gpt-4o_mini,data/db_numerical_simple.sqlite,BMI,SELECT `risk_category` FROM `BMI` ORDER BY `risk_category` ASC LIMIT 5,Select only the column `risk_category` from `BMI`. Sort it in ascending order and return the first 5 values.,"[['High'], ['High'], ['High'], ['High'], ['High']]",0.0,1.0,1.0,1,1.0,1.0,1.0
gpt-4o_mini,data/db_numerical_simple.sqlite,BMI,SELECT `risk_category` FROM `BMI` ORDER BY `risk_category` DESC LIMIT 5,Select only the column `risk_category` from `BMI`. Sort it in descending order and return the first 5 values.,"[['Medium'], ['Medium'], ['Medium'], ['Medium'], ['Medium']]",0.0,1.0,1.0,1,1.0,1.0,1.0
gpt-4o_mini,data/db_numerical_simple.sqlite,energy_consumption,SELECT * FROM `energy_consumption` ORDER BY `household_name` ASC LIMIT 5,"List the top 5 rows from the table `energy_consumption`, sorted by the column `household_name` in ascending order.","[[1, 'Family_1', 987, 33, 0.28, 29.91, 276.36], [2, 'Family_10', 1272, 31, 0.21, 41.03, 267.12], [3, 'Family_11', 1322, 30, 0.3, 44.07, 396.6], [4, 'Family_12', 2311, 25, 0.34, 92.44, 785.74], [5, 'Family_13', 1265, 32, 0.32, 39.53, 404.8]]",0.0,0.886,0.886,0,1.0,0.2,1.0
gpt-4o_mini,data/db_numerical_simple.sqlite,energy_consumption,SELECT * FROM `energy_consumption` ORDER BY `household_name` DESC LIMIT 5,"List the top 5 rows from the table `energy_consumption`, sorted by the column `household_name` in descending order.","[[25, 'Family_9', 1027, 30, 0.28, 34.23, 287.56], [24, 'Family_8', 810, 30, 0.28, 27, 226.8], [23, 'Family_7', 2064, 33, 0.2, 62.55, 412.8], [22, 'Family_6', 1762, 31, 0.33, 56.84, 581.46], [21, 'Family_5', 1465, 30, 0.25, 48.83, 366.25]]",0.0,0.844,0.844,0,1.0,0.0,0.5
gpt-4o_mini,data/db_numerical_simple.sqlite,energy_consumption,SELECT * FROM `energy_consumption` ORDER BY `avg_daily_kwh` ASC LIMIT 5,"List the top 5 rows from the table `energy_consumption`, sorted by the column `avg_daily_kwh` in ascending order.","[[25, 'Family_25', 631, 28, 0.21, 22.54, 132.51], [23, 'Family_23', 805, 30, 0.3, 26.83, 241.5], [8, 'Family_8', 810, 30, 0.28, 27.0, 226.8], [18, 'Family_18', 849, 31, 0.33, 27.39, 280.17], [14, 'Family_14', 899, 25, 0.34, 35.96, 305.66]]",0.0,0.818,0.818,0,1.0,0.8,1.0
gpt-4o_mini,data/db_numerical_simple.sqlite,energy_consumption,SELECT * FROM `energy_consumption` ORDER BY `avg_daily_kwh` DESC LIMIT 5,"List the top 5 rows from the table `energy_consumption`, sorted by the column `avg_daily_kwh` in descending order.","[[12, 'Family_12', 2311, 25, 0.34, 92.44, 785.74], [22, 'Family_22', 1910, 27, 0.29, 70.74, 553.9], [16, 'Family_16', 2032, 32, 0.35, 63.5, 711.2], [7, 'Family_7', 2064, 33, 0.2, 62.55, 412.8], [6, 'Family_6', 1762, 31, 0.33, 56.84, 581.46]]",0.0,1.0,1.0,1,1.0,1.0,1.0
gpt-4o_mini,data/db_numerical_simple.sqlite,energy_consumption,SELECT * FROM `energy_consumption` ORDER BY `id` ASC LIMIT 5,"List the top 5 rows from the table `energy_consumption`, sorted by the column `id` in ascending order.","[[1, 'Family_1', 987, 33, 0.28, 29.91, 276.36], [2, 'Family_2', 1248, 27, 0.25, 46.22, 312.0], [3, 'Family_3', 1123, 32, 0.22, 35.09, 247.06], [4, 'Family_4', 1108, 29, 0.27, 38.21, 299.16], [5, 'Family_5', 1465, 30, 0.25, 48.83, 366.25]]",0.0,1.0,1.0,1,1.0,1.0,1.0
gpt-4o_mini,data/db_numerical_simple.sqlite,energy_consumption,SELECT * FROM `energy_consumption` ORDER BY `id` DESC LIMIT 5,"List the top 5 rows from the table `energy_consumption`, sorted by the column `id` in descending order.","[[25, 'Family_25', 631, 28, 0.21, 22.54, 132.51], [24, 'Family_24', 1149, 34, 0.26, 33.79, 298.74], [23, 'Family_23', 805, 30, 0.3, 26.83, 241.5], [22, 'Family_22', 1910, 27, 0.29, 70.74, 553.9], [21, 'Family_21', 1257, 33, 0.22, 38.09, 276.54]]",0.0,1.0,1.0,1,1.0,1.0,1.0
gpt-4o_mini,data/db_numerical_simple.sqlite,energy_consumption,SELECT * FROM `energy_consumption` ORDER BY `total_cost` ASC LIMIT 5,"List the top 5 rows from the table `energy_consumption`, sorted by the column `total_cost` in ascending order.","[[24, 'Family_25', 631, 28, 0.21, 22.54, 132.51], [14, 'Family_15', 862, 27, 0.28, 31.93, 241.36], [22, 'Family_23', 805, 30, 0.3, 26.83, 241.5], [2, 'Family_3', 1123, 32, 0.22, 35.09, 247.06], [9, 'Family_10', 1272, 31, 0.21, 41.03, 267.12]]",0.0,0.706,0.75,0,1.0,0.0,0.5
gpt-4o_mini,data/db_numerical_simple.sqlite,energy_consumption,SELECT * FROM `energy_consumption` ORDER BY `total_cost` DESC LIMIT 5,"List the top 5 rows from the table `energy_consumption`, sorted by the column `total_cost` in descending order.","[[12, 'Family_12', 2311, 25, 0.34, 92.44, 785.74], [16, 'Family_16', 2032, 32, 0.35, 63.5, 711.2], [6, 'Family_6', 1762, 31, 0.33, 56.84, 581.46], [22, 'Family_22', 1910, 27, 0.29, 70.74, 553.9], [7, 'Family_7', 2064, 33, 0.2, 62.55, 412.8]]",0.0,1.0,1.0,1,1.0,1.0,1.0
gpt-4o_mini,data/db_numerical_simple.sqlite,energy_consumption,SELECT * FROM `energy_consumption` ORDER BY `id` + `household_name` ASC LIMIT 5,"Compute the sum of the columns id, household_name for each row in `energy_consumption`. Sort all rows in ascending order by this sum and return the first 5 rows.","[[1, 'Family_1', 987, 33, 0.28, 29.91, 276.36, 1], [2, 'Family_2', 1248, 27, 0.25, 46.22, 312.0, 2], [3, 'Family_3', 1123, 32, 0.22, 35.09, 247.06, 3], [4, 'Family_4', 1108, 29, 0.27, 38.21, 299.16, 4], [5, 'Family_5', 1465, 30, 0.25, 48.83, 366.25, 5]]",0.0,1.0,1.0,0,1.0,0.0,0.5
gpt-4o_mini,data/db_numerical_simple.sqlite,energy_consumption,SELECT * FROM `energy_consumption` ORDER BY `id` + `household_name` DESC LIMIT 5,"Compute the sum of the columns id, household_name for each row in `energy_consumption`. Sort all rows in descending order by this sum and return the first 5 rows.","[[25, 'Family_25', 631, 28, 0.21, 22.54, 132.51, 25], [24, 'Family_24', 1149, 34, 0.26, 33.79, 298.74, 24], [23, 'Family_23', 805, 30, 0.3, 26.83, 241.5, 23], [22, 'Family_22', 1910, 27, 0.29, 70.74, 553.9, 22], [21, 'Family_21', 1257, 33, 0.22, 38.09, 276.54, 21]]",0.0,1.0,1.0,0,1.0,0.0,0.5
gpt-4o_mini,data/db_numerical_simple.sqlite,energy_consumption,SELECT * FROM `energy_consumption` ORDER BY `cost_per_kwh` + `avg_daily_kwh` ASC LIMIT 5,"Compute the sum of the columns cost_per_kwh, avg_daily_kwh for each row in `energy_consumption`. Sort all rows in ascending order by this sum and return the first 5 rows.","[[25, 'Family_25', 631, 28, 0.21, 22.54, 132.51, 22.75], [22, 'Family_23', 805, 30, 0.3, 26.83, 241.5, 27.13], [8, 'Family_9', 1027, 30, 0.28, 34.23, 287.56, 34.51], [18, 'Family_19', 1201, 28, 0.34, 42.89, 408.34, 43.23], [17, 'Family_18', 849, 31, 0.33, 27.39, 280.17, 27.72]]",0.0,0.579,0.667,0,1.0,0.0,0.5
gpt-4o_mini,data/db_numerical_simple.sqlite,energy_consumption,SELECT * FROM `energy_consumption` ORDER BY `cost_per_kwh` + `avg_daily_kwh` DESC LIMIT 5,"Compute the sum of the columns cost_per_kwh, avg_daily_kwh for each row in `energy_consumption`. Sort all rows in descending order by this sum and return the first 5 rows.","[[12, 'Family_12', 2311, 25, 0.34, 92.44, 785.74, 92.78], [16, 'Family_16', 2032, 32, 0.35, 63.5, 711.2, 63.85], [22, 'Family_22', 1910, 27, 0.29, 70.74, 553.9, 71.03], [7, 'Family_7', 2064, 33, 0.2, 62.55, 412.8, 62.75], [6, 'Family_6', 1762, 31, 0.33, 56.84, 581.46, 57.17]]",0.0,0.875,1.0,0,1.0,0.0,0.5
gpt-4o_mini,data/db_numerical_simple.sqlite,energy_consumption,SELECT * FROM `energy_consumption` ORDER BY `days_active` + `avg_daily_kwh` ASC LIMIT 5,"Compute the sum of the columns days_active, avg_daily_kwh for each row in `energy_consumption`. Sort all rows in ascending order by this sum and return the first 5 rows.","[[25, 'Family_25', 631, 28, 0.21, 22.54, 132.51, 50.54], [23, 'Family_23', 805, 30, 0.3, 26.83, 241.5, 56.83], [8, 'Family_8', 810, 30, 0.28, 27.0, 226.8, 57.0], [18, 'Family_18', 849, 31, 0.33, 27.39, 280.17, 58.39], [15, 'Family_15', 862, 27, 0.28, 31.93, 241.36, 58.93]]",0.0,0.865,1.0,0,1.0,0.0,0.5
gpt-4o_mini,data/db_numerical_simple.sqlite,energy_consumption,SELECT * FROM `energy_consumption` ORDER BY `days_active` + `avg_daily_kwh` DESC LIMIT 5,"Compute the sum of the columns days_active, avg_daily_kwh for each row in `energy_consumption`. Sort all rows in descending order by this sum and return the first 5 rows.","[[12, 'Family_12', 2311, 25, 0.34, 92.44, 785.74, 117.44], [16, 'Family_16', 2032, 32, 0.35, 63.5, 711.2, 95.5], [22, 'Family_22', 1910, 27, 0.29, 70.74, 553.9, 97.74], [7, 'Family_7', 2064, 33, 0.2, 62.55, 412.8, 95.55], [6, 'Family_6', 1762, 31, 0.33, 56.84, 581.46, 87.84]]",0.0,0.875,1.0,0,1.0,0.0,0.5
gpt-4o_mini,data/db_numerical_simple.sqlite,energy_consumption,SELECT * FROM `energy_consumption` ORDER BY `id` + `avg_daily_kwh` + `total_cost` ASC LIMIT 5,"Compute the sum of the columns id, avg_daily_kwh, total_cost for each row in `energy_consumption`. Sort all rows in ascending order by this sum and return the first 5 rows.","[[25, 'Family_25', 631, 28, 0.21, 22.54, 132.51, 180.05], [8, 'Family_8', 810, 30, 0.28, 27.0, 226.8, 261.8], [23, 'Family_23', 805, 30, 0.3, 26.83, 241.5, 291.33], [14, 'Family_14', 899, 25, 0.34, 35.96, 305.66, 355.62], [15, 'Family_15', 862, 27, 0.28, 31.93, 241.36, 288.29]]",0.0,0.694,0.781,0,1.0,0.0,0.5
gpt-4o_mini,data/db_numerical_simple.sqlite,energy_consumption,SELECT * FROM `energy_consumption` ORDER BY `id` + `avg_daily_kwh` + `total_cost` DESC LIMIT 5,"Compute the sum of the columns id, avg_daily_kwh, total_cost for each row in `energy_consumption`. Sort all rows in descending order by this sum and return the first 5 rows.","[[12, 'Family_12', 2311, 25, 0.34, 92.44, 785.74, 890.18], [16, 'Family_16', 2032, 32, 0.35, 63.5, 711.2, 790.7], [6, 'Family_6', 1762, 31, 0.33, 56.84, 581.46, 644.3], [22, 'Family_22', 1910, 27, 0.29, 70.74, 553.9, 646.64], [7, 'Family_7', 2064, 33, 0.2, 62.55, 412.8, 482.35]]",0.0,0.875,1.0,0,1.0,0.0,0.5
gpt-4o_mini,data/db_numerical_simple.sqlite,energy_consumption,SELECT * FROM `energy_consumption` ORDER BY `household_name` + `kwh_used` + `avg_daily_kwh` ASC LIMIT 5,"Compute the sum of the columns household_name, kwh_used, avg_daily_kwh for each row in `energy_consumption`. Sort all rows in ascending order by this sum and return the first 5 rows.","[[25, 'Family_25', 631, 28, 0.21, 22.54, 132.51, 653.54], [8, 'Family_8', 810, 30, 0.28, 27, 226.8, 837], [23, 'Family_23', 805, 30, 0.3, 26.83, 241.5, 831.83], [18, 'Family_18', 849, 31, 0.33, 27.39, 280.17, 876.39], [1, 'Family_1', 987, 33, 0.28, 29.91, 276.36, 1016.91]]",0.0,0.711,0.844,0,1.0,0.0,0.5
gpt-4o_mini,data/db_numerical_simple.sqlite,energy_consumption,SELECT * FROM `energy_consumption` ORDER BY `household_name` + `kwh_used` + `avg_daily_kwh` DESC LIMIT 5,"Compute the sum of the columns household_name, kwh_used, avg_daily_kwh for each row in `energy_consumption`. Sort all rows in descending order by this sum and return the first 5 rows.","[[7, 'Family_7', 2064, 33, 0.2, 62.55, 412.8, 2126.55], [16, 'Family_16', 2032, 32, 0.35, 63.5, 711.2, 2095.5], [12, 'Family_12', 2311, 25, 0.34, 92.44, 785.74, 2403.44], [22, 'Family_22', 1910, 27, 0.29, 70.74, 553.9, 1980.74], [6, 'Family_6', 1762, 31, 0.33, 56.84, 581.46, 1818.84]]",0.0,0.875,1.0,0,1.0,0.0,0.5
gpt-4o_mini,data/db_numerical_simple.sqlite,energy_consumption,SELECT `id` FROM `energy_consumption` ORDER BY `id` ASC LIMIT 5,Select only the column `id` from `energy_consumption`. Sort it in ascending order and return the first 5 values.,"[[1], [2], [3], [4], [5]]",0.0,1.0,1.0,1,1.0,1.0,1.0
gpt-4o_mini,data/db_numerical_simple.sqlite,energy_consumption,SELECT `id` FROM `energy_consumption` ORDER BY `id` DESC LIMIT 5,Select only the column `id` from `energy_consumption`. Sort it in descending order and return the first 5 values.,"[[25], [24], [23], [22], [21]]",0.0,1.0,1.0,1,1.0,1.0,1.0
gpt-4o_mini,data/db_numerical_simple.sqlite,energy_consumption,SELECT `avg_daily_kwh` FROM `energy_consumption` ORDER BY `avg_daily_kwh` ASC LIMIT 5,Select only the column `avg_daily_kwh` from `energy_consumption`. Sort it in ascending order and return the first 5 values.,"[[22.54], [26.83], [27.0], [27.39], [29.91]]",0.0,1.0,1.0,1,1.0,1.0,1.0
gpt-4o_mini,data/db_numerical_simple.sqlite,energy_consumption,SELECT `avg_daily_kwh` FROM `energy_consumption` ORDER BY `avg_daily_kwh` DESC LIMIT 5,Select only the column `avg_daily_kwh` from `energy_consumption`. Sort it in descending order and return the first 5 values.,"[[92.44], [70.74], [63.5], [62.55], [56.84]]",0.0,1.0,1.0,1,1.0,1.0,1.0
gpt-4o_mini,data/db_numerical_simple.sqlite,energy_consumption,SELECT `kwh_used` FROM `energy_consumption` ORDER BY `kwh_used` ASC LIMIT 5,Select only the column `kwh_used` from `energy_consumption`. Sort it in ascending order and return the first 5 values.,"[[631], [805], [810], [849], [862]]",0.0,1.0,1.0,1,1.0,1.0,1.0
gpt-4o_mini,data/db_numerical_simple.sqlite,energy_consumption,SELECT `kwh_used` FROM `energy_consumption` ORDER BY `kwh_used` DESC LIMIT 5,Select only the column `kwh_used` from `energy_consumption`. Sort it in descending order and return the first 5 values.,"[[2311], [2064], [2032], [1910], [1762]]",0.0,1.0,1.0,1,1.0,1.0,1.0
gpt-4o_mini,data/db_numerical_simple.sqlite,energy_consumption,SELECT `household_name` FROM `energy_consumption` ORDER BY `household_name` ASC LIMIT 5,Select only the column `household_name` from `energy_consumption`. Sort it in ascending order and return the first 5 values.,"[['Family_1'], ['Family_10'], ['Family_11'], ['Family_12'], ['Family_13']]",0.0,1.0,1.0,1,1.0,1.0,1.0
gpt-4o_mini,data/db_numerical_simple.sqlite,energy_consumption,SELECT `household_name` FROM `energy_consumption` ORDER BY `household_name` DESC LIMIT 5,Select only the column `household_name` from `energy_consumption`. Sort it in descending order and return the first 5 values.,"[['Family_9'], ['Family_8'], ['Family_7'], ['Family_6'], ['Family_5']]",0.0,1.0,1.0,1,1.0,1.0,1.0
gpt-4o_mini,data/db_numerical_simple.sqlite,energy_consumption,SELECT `total_cost` FROM `energy_consumption` ORDER BY `total_cost` ASC LIMIT 5,Select only the column `total_cost` from `energy_consumption`. Sort it in ascending order and return the first 5 values.,"[[132.51], [226.8], [241.36], [241.5], [247.06]]",0.0,1.0,1.0,1,1.0,1.0,1.0
gpt-4o_mini,data/db_numerical_simple.sqlite,energy_consumption,SELECT `total_cost` FROM `energy_consumption` ORDER BY `total_cost` DESC LIMIT 5,Select only the column `total_cost` from `energy_consumption`. Sort it in descending order and return the first 5 values.,"[[785.74], [711.2], [581.46], [553.9], [412.8]]",0.0,1.0,1.0,1,1.0,1.0,1.0
gpt-4o_mini,data/db_numerical_simple.sqlite,financial,SELECT * FROM `financial` ORDER BY `risk_profile` ASC LIMIT 5,"List the top 5 rows from the table `financial`, sorted by the column `risk_profile` in ascending order.","[['1', 'Bob', '7892', '2353', '5539.0', '70.2%', 'Low'], ['3', 'David', '4242', '1791', '2451.0', '57.8%', 'Low'], ['7', 'Helen', '4157', '2136', '2021.0', '48.6%', 'Low'], ['8', 'Ian', '6915', '4196', '2719.0', '39.3%', 'Low'], ['9', 'Jack', '3693', '1198', '2495.0', '67.6%', 'Low']]",0.0,0.0,0.0,0,1.0,0.0,0.5
gpt-4o_mini,data/db_numerical_simple.sqlite,financial,SELECT * FROM `financial` ORDER BY `risk_profile` DESC LIMIT 5,"List the top 5 rows from the table `financial`, sorted by the column `risk_profile` in descending order.","[['2', 'Carla', '2678', '7085', '-4407.0', '-164.6%', 'High'], ['5', 'Frank', '2059', '8054', '-5995.0', '-291.2%', 'High'], ['6', 'Grace', '7668', '7780', '-112.0', '-1.5%', 'High'], ['10', 'Karen', '4627', '5237', '-610.0', '-13.2%', 'High'], ['12', 'Maria', '2663', '8664', '-6001.0', '-225.3%', 'High']]",0.0,0.0,0.0,0,1.0,0.0,0.5
gpt-4o_mini,data/db_numerical_simple.sqlite,financial,SELECT * FROM `financial` ORDER BY `savings` ASC LIMIT 5,"List the top 5 rows from the table `financial`, sorted by the column `savings` in ascending order.","[['5', 'Frank', '2059', '8054', '-5995.0', '-291.2%', 'High'], ['12', 'Maria', '2663', '8664', '-6001.0', '-225.3%', 'High'], ['15', 'Paul', '2306', '7028', '-4722.0', '-204.8%', 'High'], ['2', 'Carla', '2678', '7085', '-4407.0', '-164.6%', 'High'], ['29', 'Lily', '4763', '8504', '-3741.0', '-78.5%', 'High']]",0.0,0.226,0.226,0,1.0,0.2,1.0
gpt-4o_mini,data/db_numerical_simple.sqlite,financial,SELECT * FROM `financial` ORDER BY `savings` DESC LIMIT 5,"List the top 5 rows from the table `financial`, sorted by the column `savings` in descending order.","[['18', 'Steve', '8526', '2207', '6319.0', '74.1%', 'Low'], ['1', 'Bob', '7892', '2353', '5539.0', '70.2%', 'Low'], ['11', 'Leo', '6450', '1354', '5096.0', '79.0%', 'Low'], ['19', 'Tina', '9901', '6291', '3610.0', '36.5%', 'Low'], ['8', 'Ian', '6915', '4196', '2719.0', '39.3%', 'Low']]",0.0,0.613,0.594,0,1.0,0.6,1.0
gpt-4o_mini,data/db_numerical_simple.sqlite,financial,SELECT * FROM `financial` ORDER BY `savings_rate` ASC LIMIT 5,"List the top 5 rows from the table `financial`, sorted by the column `savings_rate` in ascending order.","[['5', 'Frank', '2059', '8054', '-5995.0', '-291.2%', 'High'], ['12', 'Maria', '2663', '8664', '-6001.0', '-225.3%', 'High'], ['15', 'Paul', '2306', '7028', '-4722.0', '-204.8%', 'High'], ['2', 'Carla', '2678', '7085', '-4407.0', '-164.6%', 'High'], ['27', 'Noah', '2495', '4889', '-2394.0', '-96.0%', 'High']]",0.0,0.419,0.419,0,1.0,0.4,0.0
gpt-4o_mini,data/db_numerical_simple.sqlite,financial,SELECT * FROM `financial` ORDER BY `savings_rate` DESC LIMIT 5,"List the top 5 rows from the table `financial`, sorted by the column `savings_rate` in descending order.","[['11', 'Leo', '6450', '1354', '5096.0', '79.0%', 'Low'], ['1', 'Bob', '7892', '2353', '5539.0', '70.2%', 'Low'], ['9', 'Jack', '3693', '1198', '2495.0', '67.6%', 'Low'], ['18', 'Steve', '8526', '2207', '6319.0', '74.1%', 'Low'], ['3', 'David', '4242', '1791', '2451.0', '57.8%', 'Low']]",0.0,0.806,0.781,0,1.0,0.8,0.7
gpt-4o_mini,data/db_numerical_simple.sqlite,financial,SELECT * FROM `financial` ORDER BY `income` ASC LIMIT 5,"List the top 5 rows from the table `financial`, sorted by the column `income` in ascending order.","[['24', 'Yara', '1663', '702', '961.0', '57.8%', 'Low'], ['5', 'Frank', '2059', '8054', '-5995.0', '-291.2%', 'High'], ['27', 'Noah', '2495', '4889', '-2394.0', '-96.0%', 'High'], ['2', 'Carla', '2678', '7085', '-4407.0', '-164.6%', 'High'], ['12', 'Maria', '2663', '8664', '-6001.0', '-225.3%', 'High']]",0.0,0.812,0.812,0,1.0,0.8,1.0
gpt-4o_mini,data/db_numerical_simple.sqlite,financial,SELECT * FROM `financial` ORDER BY `income` DESC LIMIT 5,"List the top 5 rows from the table `financial`, sorted by the column `income` in descending order.","[['19', 'Tina', '9901', '6291', '3610.0', '36.5%', 'Low'], ['26', 'Liam', '8994', '9458', '-464.0', '-5.2%', 'High'], ['18', 'Steve', '8526', '2207', '6319.0', '74.1%', 'Low'], ['14', 'Oscar', '8392', '7892', '500.0', '6.0%', 'Medium'], ['16', 'Quincy', '7776', '5749', '2027.0', '26.1%', 'Medium']]",0.0,0.818,0.844,0,1.0,0.8,1.0
gpt-4o_mini,data/db_numerical_simple.sqlite,financial,SELECT * FROM `financial` ORDER BY `income` + `savings` + `savings_rate` ASC LIMIT 5,"Compute the sum of the columns income, savings, savings_rate for each row in `financial`. Sort all rows in ascending order by this sum and return the first 5 rows.","[['2', 'Carla', '2678', '7085', '-4407.0', '-164.6%', 'High'], ['12', 'Maria', '2663', '8664', '-6001.0', '-225.3%', 'High'], ['5', 'Frank', '2059', '8054', '-5995.0', '-291.2%', 'High'], ['15', 'Paul', '2306', '7028', '-4722.0', '-204.8%', 'High'], ['27', 'Noah', '2495', '4889', '-2394.0', '-96.0%', 'High']]",0.0,1.0,1.0,1,1.0,1.0,0.65
gpt-4o_mini,data/db_numerical_simple.sqlite,financial,SELECT * FROM `financial` ORDER BY `income` + `savings` + `savings_rate` DESC LIMIT 5,"Compute the sum of the columns income, savings, savings_rate for each row in `financial`. Sort all rows in descending order by this sum and return the first 5 rows.","[['19', 'Tina', '9901', '6291', '3610.0', '36.5%', 'Low'], ['26', 'Liam', '8994', '9458', '-464.0', '-5.2%', 'High'], ['18', 'Steve', '8526', '2207', '6319.0', '74.1%', 'Low'], ['14', 'Oscar', '8392', '7892', '500.0', '6.0%', 'Medium'], ['1', 'Bob', '7892', '2353', '5539.0', '70.2%', 'Low']]",0.0,0.625,0.625,0,1.0,0.6,0.75
gpt-4o_mini,data/db_numerical_simple.sqlite,financial,SELECT * FROM `financial` ORDER BY `savings` + `savings_rate` ASC LIMIT 5,"Compute the sum of the columns savings, savings_rate for each row in `financial`. Sort all rows in ascending order by this sum and return the first 5 rows.","[['12', 'Maria', '2663', '8664', '-6001.0', '-225.3%', 'High'], ['5', 'Frank', '2059', '8054', '-5995.0', '-291.2%', 'High'], ['27', 'Noah', '2495', '4889', '-2394.0', '-96.0%', 'High'], ['29', 'Lily', '4763', '8504', '-3741.0', '-78.5%', 'High'], ['15', 'Paul', '2306', '7028', '-4722.0', '-204.8%', 'High']]",0.0,0.613,0.613,0,1.0,0.6,0.75
gpt-4o_mini,data/db_numerical_simple.sqlite,financial,SELECT * FROM `financial` ORDER BY `savings` + `savings_rate` DESC LIMIT 5,"Compute the sum of the columns savings, savings_rate for each row in `financial`. Sort all rows in descending order by this sum and return the first 5 rows.","[['11', 'Leo', '6450', '1354', '5096.0', '79.0%', 'Low'], ['1', 'Bob', '7892', '2353', '5539.0', '70.2%', 'Low'], ['18', 'Steve', '8526', '2207', '6319.0', '74.1%', 'Low'], ['9', 'Jack', '3693', '1198', '2495.0', '67.6%', 'Low'], ['19', 'Tina', '9901', '6291', '3610.0', '36.5%', 'Low']]",0.0,0.806,0.806,0,1.0,0.8,0.6
gpt-4o_mini,data/db_numerical_simple.sqlite,financial,SELECT * FROM `financial` ORDER BY `expenses` + `savings` + `savings_rate` ASC LIMIT 5,"Compute the sum of the columns expenses, savings, savings_rate for each row in `financial`. Sort all rows in ascending order by this sum and return the first 5 rows.","[['12', 'Maria', '2663', '8664', '-6001.0', '-225.3%', 'High'], ['5', 'Frank', '2059', '8054', '-5995.0', '-291.2%', 'High'], ['27', 'Noah', '2495', '4889', '-2394.0', '-96.0%', 'High'], ['15', 'Paul', '2306', '7028', '-4722.0', '-204.8%', 'High'], ['2', 'Carla', '2678', '7085', '-4407.0', '-164.6%', 'High']]",0.0,0.806,0.781,0,1.0,0.8,0.3
gpt-4o_mini,data/db_numerical_simple.sqlite,financial,SELECT * FROM `financial` ORDER BY `expenses` + `savings` + `savings_rate` DESC LIMIT 5,"Compute the sum of the columns expenses, savings, savings_rate for each row in `financial`. Sort all rows in descending order by this sum and return the first 5 rows.","[['19', 'Tina', '9901', '6291', '3610.0', '36.5%', 'Low'], ['18', 'Steve', '8526', '2207', '6319.0', '74.1%', 'Low'], ['1', 'Bob', '7892', '2353', '5539.0', '70.2%', 'Low'], ['11', 'Leo', '6450', '1354', '5096.0', '79.0%', 'Low'], ['9', 'Jack', '3693', '1198', '2495.0', '67.6%', 'Low']]",0.0,0.613,0.594,0,1.0,0.6,1.0
gpt-4o_mini,data/db_numerical_simple.sqlite,financial,SELECT * FROM `financial` ORDER BY `income` + `savings_rate` + `risk_profile` ASC LIMIT 5,"Compute the sum of the columns income, savings_rate, risk_profile for each row in `financial`. Sort all rows in ascending order by this sum and return the first 5 rows.","[['2', 'Carla', '2678', '7085', '-4407.0', '-164.6%', 'High'], ['5', 'Frank', '2059', '8054', '-5995.0', '-291.2%', 'High'], ['12', 'Maria', '2663', '8664', '-6001.0', '-225.3%', 'High'], ['15', 'Paul', '2306', '7028', '-4722.0', '-204.8%', 'High'], ['27', 'Noah', '2495', '4889', '-2394.0', '-96.0%', 'High']]",0.0,0.806,0.781,0,1.0,0.8,0.7
gpt-4o_mini,data/db_numerical_simple.sqlite,financial,SELECT * FROM `financial` ORDER BY `income` + `savings_rate` + `risk_profile` DESC LIMIT 5,"Compute the sum of the columns income, savings_rate, risk_profile for each row in `financial`. Sort all rows in descending order by this sum and return the first 5 rows.","[['19', 'Tina', '9901', '6291', '3610.0', '36.5%', 'Low'], ['18', 'Steve', '8526', '2207', '6319.0', '74.1%', 'Low'], ['26', 'Liam', '8994', '9458', '-464.0', '-5.2%', 'High'], ['14', 'Oscar', '8392', '7892', '500.0', '6.0%', 'Medium'], ['16', 'Quincy', '7776', '5749', '2027.0', '26.1%', 'Medium']]",0.0,0.818,0.844,0,1.0,0.8,0.9
gpt-4o_mini,data/db_numerical_simple.sqlite,financial,SELECT * FROM `financial` ORDER BY `expenses` + `savings_rate` + `risk_profile` ASC LIMIT 5,"Compute the sum of the columns expenses, savings_rate, risk_profile for each row in `financial`. Sort all rows in ascending order by this sum and return the first 5 rows.","[['24', 'Yara', '1663', '702', '961.0', '57.8%', 'Low'], ['9', 'Jack', '3693', '1198', '2495.0', '67.6%', 'Low'], ['3', 'David', '4242', '1791', '2451.0', '57.8%', 'Low'], ['7', 'Helen', '4157', '2136', '2021.0', '48.6%', 'Low'], ['17', 'Rachel', '6864', '5672', '1192.0', '17.4%', 'Medium']]",0.0,0.774,0.8,0,1.0,0.8,1.0
gpt-4o_mini,data/db_numerical_simple.sqlite,financial,SELECT * FROM `financial` ORDER BY `expenses` + `savings_rate` + `risk_profile` DESC LIMIT 5,"Compute the sum of the columns expenses, savings_rate, risk_profile for each row in `financial`. Sort all rows in descending order by this sum and return the first 5 rows.","[['20', 'Uma', '6575', '10425', '-3850.0', '-58.6%', 'High'], ['26', 'Liam', '8994', '9458', '-464.0', '-5.2%', 'High'], ['5', 'Frank', '2059', '8054', '-5995.0', '-291.2%', 'High'], ['14', 'Oscar', '8392', '7892', '500.0', '6.0%', 'Medium'], ['12', 'Maria', '2663', '8664', '-6001.0', '-225.3%', 'High']]",0.0,0.812,0.812,0,1.0,0.8,0.9
gpt-4o_mini,data/db_numerical_simple.sqlite,financial,SELECT `income` FROM `financial` ORDER BY `income` ASC LIMIT 5,Select only the column `income` from `financial`. Sort it in ascending order and return the first 5 values.,"[['1663'], ['2059'], ['2306'], ['2495'], ['2663']]",0.0,1.0,1.0,1,1.0,1.0,1.0
gpt-4o_mini,data/db_numerical_simple.sqlite,financial,SELECT `income` FROM `financial` ORDER BY `income` DESC LIMIT 5,Select only the column `income` from `financial`. Sort it in descending order and return the first 5 values.,"[['9901'], ['8994'], ['8526'], ['8392'], ['7892']]",0.0,1.0,1.0,1,1.0,1.0,1.0
gpt-4o_mini,data/db_numerical_simple.sqlite,financial,SELECT `expenses` FROM `financial` ORDER BY `expenses` ASC LIMIT 5,Select only the column `expenses` from `financial`. Sort it in ascending order and return the first 5 values.,"[['702'], ['1198'], ['1354'], ['1791'], ['2136']]",0.0,0.8,0.8,0,1.0,0.8,1.0
gpt-4o_mini,data/db_numerical_simple.sqlite,financial,SELECT `expenses` FROM `financial` ORDER BY `expenses` DESC LIMIT 5,Select only the column `expenses` from `financial`. Sort it in descending order and return the first 5 values.,"[['10425'], ['9458'], ['8664'], ['8504'], ['8054']]",0.0,0.8,0.8,0,1.0,0.8,1.0
gpt-4o_mini,data/db_numerical_simple.sqlite,financial,SELECT `savings` FROM `financial` ORDER BY `savings` ASC LIMIT 5,Select only the column `savings` from `financial`. Sort it in ascending order and return the first 5 values.,"[['-6001.0'], ['-5995.0'], ['-4722.0'], ['-4407.0'], ['-3741.0']]",0.0,0.2,0.2,0,1.0,0.2,1.0
gpt-4o_mini,data/db_numerical_simple.sqlite,financial,SELECT `savings` FROM `financial` ORDER BY `savings` DESC LIMIT 5,Select only the column `savings` from `financial`. Sort it in descending order and return the first 5 values.,"[['6319.0'], ['5539.0'], ['5096.0'], ['3610.0'], ['2719.0']]",0.0,0.6,0.6,0,1.0,0.6,1.0
gpt-4o_mini,data/db_numerical_simple.sqlite,financial,SELECT `savings_rate` FROM `financial` ORDER BY `savings_rate` ASC LIMIT 5,Select only the column `savings_rate` from `financial`. Sort it in ascending order and return the first 5 values.,"[['-291.2%'], ['-225.3%'], ['-204.8%'], ['-164.6%'], ['-96.0%']]",0.0,0.4,0.4,0,1.0,0.4,0.0
gpt-4o_mini,data/db_numerical_simple.sqlite,financial,SELECT `savings_rate` FROM `financial` ORDER BY `savings_rate` DESC LIMIT 5,Select only the column `savings_rate` from `financial`. Sort it in descending order and return the first 5 values.,"[['79.0%'], ['74.1%'], ['70.2%'], ['67.6%'], ['57.8%']]",0.0,0.8,0.8,0,1.0,0.8,1.0
gpt-4o_mini,data/db_numerical_simple.sqlite,financial,SELECT `risk_profile` FROM `financial` ORDER BY `risk_profile` ASC LIMIT 5,Select only the column `risk_profile` from `financial`. Sort it in ascending order and return the first 5 values.,"[['High'], ['High'], ['High'], ['High'], ['High']]",0.0,1.0,1.0,1,1.0,1.0,1.0
gpt-4o_mini,data/db_numerical_simple.sqlite,financial,SELECT `risk_profile` FROM `financial` ORDER BY `risk_profile` DESC LIMIT 5,Select only the column `risk_profile` from `financial`. Sort it in descending order and return the first 5 values.,"[['Medium'], ['Medium'], ['Medium'], ['Medium'], ['Medium']]",0.0,1.0,1.0,1,1.0,1.0,1.0
gpt-4o_mini,data/db_numerical_simple.sqlite,logistics_delivery,SELECT * FROM `logistics_delivery` ORDER BY `fuel_used_l` ASC LIMIT 5,"List the top 5 rows from the table `logistics_delivery`, sorted by the column `fuel_used_l` in ascending order.","[[11, 'Driver_12', 52, 75, 5.6, 7.0, 9.3, 7.43, 1.442], [16, 'Driver_17', 59, 15, 5.7, 6.8, 10.4, 8.68, 0.254], [9, 'Driver_10', 157, 69, 5.1, 10.0, 30.8, 15.7, 0.439], [18, 'Driver_19', 63, 43, 2.3, 25.3, 27.4, 2.49, 0.683], [14, 'Driver_15', 64, 22, 5.8, 21.8, 11.0, 2.94, 0.344]]",0.0,0.591,0.619,0,1.0,0.0,0.5
gpt-4o_mini,data/db_numerical_simple.sqlite,logistics_delivery,SELECT * FROM `logistics_delivery` ORDER BY `fuel_used_l` DESC LIMIT 5,"List the top 5 rows from the table `logistics_delivery`, sorted by the column `fuel_used_l` in descending order.","[[5, 'Driver_5', 152, 67, 3.5, 29.5, 43.4, 5.15, 0.441], [1, 'Driver_1', 149, 23, 2.5, 29.3, 59.6, 5.09, 0.154], [9, 'Driver_9', 230, 15, 2.8, 27.8, 82.1, 8.27, 0.065], [24, 'Driver_25', 157, 11, 4.8, 17.0, 32.7, 9.24, 0.07], [7, 'Driver_7', 200, 73, 5.4, 14.3, 37.0, 13.99, 0.365]]",0.0,0.622,0.636,0,1.0,0.6,1.0
gpt-4o_mini,data/db_numerical_simple.sqlite,logistics_delivery,SELECT * FROM `logistics_delivery` ORDER BY `driver_name` ASC LIMIT 5,"List the top 5 rows from the table `logistics_delivery`, sorted by the column `driver_name` in ascending order.","[[1, 'Driver_1', 149, 23, 2.5, 29.3, 59.6, 5.09, 0.154], [2, 'Driver_2', 210, 35, 1.9, 25.4, 110.5, 8.27, 0.167], [3, 'Driver_3', 293, 13, 3.7, 14.2, 79.2, 20.63, 0.044], [4, 'Driver_4', 115, 71, 5.8, 17.7, 19.8, 6.5, 0.617], [5, 'Driver_5', 152, 67, 3.5, 29.5, 43.4, 5.15, 0.441]]",0.0,0.244,0.256,0,1.0,0.2,1.0
gpt-4o_mini,data/db_numerical_simple.sqlite,logistics_delivery,SELECT * FROM `logistics_delivery` ORDER BY `driver_name` DESC LIMIT 5,"List the top 5 rows from the table `logistics_delivery`, sorted by the column `driver_name` in descending order.","[[25, 'Driver_25', 157, 11, 4.8, 17.0, 32.7, 9.24, 0.07], [24, 'Driver_24', 273, 52, 4.2, 25.7, 65.0, 10.62, 0.19], [23, 'Driver_23', 265, 64, 3.8, 25.9, 69.7, 10.23, 0.242], [22, 'Driver_22', 50, 75, 3.2, 9.4, 15.6, 5.32, 1.5], [21, 'Driver_21', 284, 77, 3.0, 15.1, 94.7, 18.81, 0.271]]",0.0,0.044,0.044,0,1.0,0.0,0.5
gpt-4o_mini,data/db_numerical_simple.sqlite,logistics_delivery,SELECT * FROM `logistics_delivery` ORDER BY `id` ASC LIMIT 5,"List the top 5 rows from the table `logistics_delivery`, sorted by the column `id` in ascending order.","[[1, 'Driver_1', 149, 23, 2.5, 29.3, 59.6, 5.09, 0.154], [2, 'Driver_2', 210, 35, 1.9, 25.4, 110.5, 8.27, 0.167], [3, 'Driver_3', 293, 13, 3.7, 14.2, 79.2, 20.63, 0.044], [4, 'Driver_4', 115, 71, 5.8, 17.7, 19.8, 6.5, 0.617], [5, 'Driver_5', 152, 67, 3.5, 29.5, 43.4, 5.15, 0.441]]",0.0,1.0,1.0,1,1.0,1.0,1.0
gpt-4o_mini,data/db_numerical_simple.sqlite,logistics_delivery,SELECT * FROM `logistics_delivery` ORDER BY `id` DESC LIMIT 5,"List the top 5 rows from the table `logistics_delivery`, sorted by the column `id` in descending order.","[[25, 'Driver_25', 157, 11, 4.8, 17.0, 32.7, 9.24, 0.07], [24, 'Driver_24', 273, 52, 4.2, 25.7, 65.0, 10.62, 0.19], [23, 'Driver_23', 265, 64, 3.8, 25.9, 69.7, 10.23, 0.242], [22, 'Driver_22', 50, 75, 3.2, 9.4, 15.6, 5.32, 1.5], [21, 'Driver_21', 284, 77, 3.0, 15.1, 94.7, 18.81, 0.271]]",0.0,1.0,1.0,1,1.0,1.0,1.0
gpt-4o_mini,data/db_numerical_simple.sqlite,logistics_delivery,SELECT * FROM `logistics_delivery` ORDER BY `packages` ASC LIMIT 5,"List the top 5 rows from the table `logistics_delivery`, sorted by the column `packages` in ascending order.","[[25, 'Driver_25', 157, 11, 4.8, 17.0, 32.7, 9.24, 0.07], [3, 'Driver_3', 293, 13, 3.7, 14.2, 79.2, 20.63, 0.044], [17, 'Driver_17', 59, 15, 5.7, 6.8, 10.4, 8.68, 0.254], [9, 'Driver_9', 230, 15, 2.8, 27.8, 82.1, 8.27, 0.065], [15, 'Driver_15', 64, 22, 5.8, 21.8, 11.0, 2.94, 0.344]]",0.0,1.0,1.0,1,1.0,1.0,0.95
gpt-4o_mini,data/db_numerical_simple.sqlite,logistics_delivery,SELECT * FROM `logistics_delivery` ORDER BY `packages` DESC LIMIT 5,"List the top 5 rows from the table `logistics_delivery`, sorted by the column `packages` in descending order.","[[21, 'Driver_21', 284, 77, 3.0, 15.1, 94.7, 18.81, 0.271], [12, 'Driver_12', 52, 75, 5.6, 7.0, 9.3, 7.43, 1.442], [22, 'Driver_22', 50, 75, 3.2, 9.4, 15.6, 5.32, 1.5], [6, 'Driver_6', 204, 72, 5.6, 25.2, 36.4, 8.1, 0.353], [14, 'Driver_14', 290, 72, 1.7, 15.9, 170.6, 18.24, 0.248]]",0.0,0.81,0.81,0,1.0,0.8,1.0
gpt-4o_mini,data/db_numerical_simple.sqlite,logistics_delivery,SELECT * FROM `logistics_delivery` ORDER BY `id` + `time_hrs` + `fuel_efficiency_kmpl` ASC LIMIT 5,"Compute the sum of the columns id, time_hrs, fuel_efficiency_kmpl for each row in `logistics_delivery`. Sort all rows in ascending order by this sum and return the first 5 rows.","[[11, 'Driver_11', 58, 41, 5.1, 23.5, 11.4, 2.47, 0.707], [15, 'Driver_15', 64, 22, 5.8, 21.8, 11.0, 2.94, 0.344], [16, 'Driver_16', 147, 23, 3.6, 15.6, 40.8, 9.42, 0.156], [24, 'Driver_24', 273, 52, 4.2, 25.7, 65.0, 10.62, 0.19], [1, 'Driver_1', 149, 23, 2.5, 29.3, 59.6, 5.09, 0.154]]",0.0,0.442,0.422,0,1.0,0.4,0.0
gpt-4o_mini,data/db_numerical_simple.sqlite,logistics_delivery,SELECT * FROM `logistics_delivery` ORDER BY `id` + `time_hrs` + `fuel_efficiency_kmpl` DESC LIMIT 5,"Compute the sum of the columns id, time_hrs, fuel_efficiency_kmpl for each row in `logistics_delivery`. Sort all rows in descending order by this sum and return the first 5 rows.","[[18, 'Driver_18', 214, 41, 3.9, 9.3, 54.9, 23.01, 0.192], [21, 'Driver_21', 284, 77, 3.0, 15.1, 94.7, 18.81, 0.271], [14, 'Driver_14', 290, 72, 1.7, 15.9, 170.6, 18.24, 0.248], [3, 'Driver_3', 293, 13, 3.7, 14.2, 79.2, 20.63, 0.044], [20, 'Driver_20', 237, 23, 2.6, 21.6, 91.2, 10.97, 0.097]]",0.0,0.432,0.422,0,1.0,0.4,1.0
gpt-4o_mini,data/db_numerical_simple.sqlite,logistics_delivery,SELECT * FROM `logistics_delivery` ORDER BY `driver_name` + `time_hrs` + `fuel_efficiency_kmpl` ASC LIMIT 5,"Compute the sum of the columns driver_name, time_hrs, fuel_efficiency_kmpl for each row in `logistics_delivery`. Sort all rows in ascending order by this sum and return the first 5 rows.","[[10, 'Driver_10', 157, 69, 5.1, 10.0, 30.8, 15.7, 0.439], [11, 'Driver_11', 58, 41, 5.1, 23.5, 11.4, 2.47, 0.707], [12, 'Driver_12', 52, 75, 5.6, 7.0, 9.3, 7.43, 1.442], [14, 'Driver_14', 290, 72, 1.7, 15.9, 170.6, 18.24, 0.248], [15, 'Driver_15', 64, 22, 5.8, 21.8, 11.0, 2.94, 0.344]]",0.0,0.262,0.244,0,1.0,0.2,1.0
gpt-4o_mini,data/db_numerical_simple.sqlite,logistics_delivery,SELECT * FROM `logistics_delivery` ORDER BY `driver_name` + `time_hrs` + `fuel_efficiency_kmpl` DESC LIMIT 5,"Compute the sum of the columns driver_name, time_hrs, fuel_efficiency_kmpl for each row in `logistics_delivery`. Sort all rows in descending order by this sum and return the first 5 rows.","[[25, 'Driver_25', 157, 11, 4.8, 17.0, 32.7, 9.24, 0.07], [24, 'Driver_24', 273, 52, 4.2, 25.7, 65.0, 10.62, 0.19], [23, 'Driver_23', 265, 64, 3.8, 25.9, 69.7, 10.23, 0.242], [22, 'Driver_22', 50, 75, 3.2, 9.4, 15.6, 5.32, 1.5], [21, 'Driver_21', 284, 77, 3.0, 15.1, 94.7, 18.81, 0.271]]",0.0,0.222,0.233,0,1.0,0.2,1.0
gpt-4o_mini,data/db_numerical_simple.sqlite,logistics_delivery,SELECT * FROM `logistics_delivery` ORDER BY `driver_name` + `speed_kmph` + `fuel_efficiency_kmpl` ASC LIMIT 5,"Compute the sum of the columns driver_name, speed_kmph, fuel_efficiency_kmpl for each row in `logistics_delivery`. Sort all rows in ascending order by this sum and return the first 5 rows.","[[10, 'Driver_10', 157, 69, 5.1, 10.0, 30.8, 15.7, 0.439], [25, 'Driver_25', 157, 11, 4.8, 17.0, 32.7, 9.24, 0.07], [18, 'Driver_18', 214, 41, 3.9, 9.3, 54.9, 23.01, 0.192], [24, 'Driver_24', 273, 52, 4.2, 25.7, 65.0, 10.62, 0.19], [23, 'Driver_23', 265, 64, 3.8, 25.9, 69.7, 10.23, 0.242]]",0.0,0.163,0.171,0,1.0,0.0,0.5
gpt-4o_mini,data/db_numerical_simple.sqlite,logistics_delivery,SELECT * FROM `logistics_delivery` ORDER BY `driver_name` + `speed_kmph` + `fuel_efficiency_kmpl` DESC LIMIT 5,"Compute the sum of the columns driver_name, speed_kmph, fuel_efficiency_kmpl for each row in `logistics_delivery`. Sort all rows in descending order by this sum and return the first 5 rows.","[[14, 'Driver_14', 290, 72, 1.7, 15.9, 170.6, 18.24, 0.248], [21, 'Driver_21', 284, 77, 3.0, 15.1, 94.7, 18.81, 0.271], [20, 'Driver_20', 237, 23, 2.6, 21.6, 91.2, 10.97, 0.097], [2, 'Driver_2', 210, 35, 1.9, 25.4, 110.5, 8.27, 0.167], [9, 'Driver_9', 230, 15, 2.8, 27.8, 82.1, 8.27, 0.065]]",0.0,0.818,0.818,0,1.0,0.8,0.7
gpt-4o_mini,data/db_numerical_simple.sqlite,logistics_delivery,SELECT * FROM `logistics_delivery` ORDER BY `packages` + `fuel_efficiency_kmpl` + `packages_per_km` ASC LIMIT 5,"Compute the sum of the columns packages, fuel_efficiency_kmpl, packages_per_km for each row in `logistics_delivery`. Sort all rows in ascending order by this sum and return the first 5 rows.","[[3, 'Driver_3', 293, 13, 3.7, 14.2, 79.2, 20.63, 0.044], [25, 'Driver_25', 157, 11, 4.8, 17.0, 32.7, 9.24, 0.07], [9, 'Driver_9', 230, 15, 2.8, 27.8, 82.1, 8.27, 0.065], [17, 'Driver_17', 59, 15, 5.7, 6.8, 10.4, 8.68, 0.254], [16, 'Driver_16', 147, 23, 3.6, 15.6, 40.8, 9.42, 0.156]]",0.0,0.605,0.634,0,1.0,0.6,1.0
gpt-4o_mini,data/db_numerical_simple.sqlite,logistics_delivery,SELECT * FROM `logistics_delivery` ORDER BY `packages` + `fuel_efficiency_kmpl` + `packages_per_km` DESC LIMIT 5,"Compute the sum of the columns packages, fuel_efficiency_kmpl, packages_per_km for each row in `logistics_delivery`. Sort all rows in descending order by this sum and return the first 5 rows.","[[21, 'Driver_21', 284, 77, 3.0, 15.1, 94.7, 18.81, 0.271], [22, 'Driver_22', 50, 75, 3.2, 9.4, 15.6, 5.32, 1.5], [12, 'Driver_12', 52, 75, 5.6, 7.0, 9.3, 7.43, 1.442], [6, 'Driver_6', 204, 72, 5.6, 25.2, 36.4, 8.1, 0.353], [14, 'Driver_14', 290, 72, 1.7, 15.9, 170.6, 18.24, 0.248]]",0.0,0.643,0.628,0,1.0,0.6,0.75
gpt-4o_mini,data/db_numerical_simple.sqlite,logistics_delivery,SELECT * FROM `logistics_delivery` ORDER BY `packages` + `time_hrs` + `fuel_efficiency_kmpl` ASC LIMIT 5,"Compute the sum of the columns packages, time_hrs, fuel_efficiency_kmpl for each row in `logistics_delivery`. Sort all rows in ascending order by this sum and return the first 5 rows.","[[3, 'Driver_3', 293, 13, 3.7, 14.2, 79.2, 20.63, 0.044], [25, 'Driver_25', 157, 11, 4.8, 17.0, 32.7, 9.24, 0.07], [16, 'Driver_16', 147, 23, 3.6, 15.6, 40.8, 9.42, 0.156], [17, 'Driver_17', 59, 15, 5.7, 6.8, 10.4, 8.68, 0.254], [1, 'Driver_1', 149, 23, 2.5, 29.3, 59.6, 5.09, 0.154]]",0.0,0.605,0.634,0,1.0,0.6,1.0
gpt-4o_mini,data/db_numerical_simple.sqlite,logistics_delivery,SELECT * FROM `logistics_delivery` ORDER BY `packages` + `time_hrs` + `fuel_efficiency_kmpl` DESC LIMIT 5,"Compute the sum of the columns packages, time_hrs, fuel_efficiency_kmpl for each row in `logistics_delivery`. Sort all rows in descending order by this sum and return the first 5 rows.","[[20, 'Driver_20', 237, 23, 2.6, 21.6, 91.2, 10.97, 0.097], [21, 'Driver_21', 284, 77, 3.0, 15.1, 94.7, 18.81, 0.271], [12, 'Driver_12', 52, 75, 5.6, 7.0, 9.3, 7.43, 1.442], [6, 'Driver_6', 204, 72, 5.6, 25.2, 36.4, 8.1, 0.353], [14, 'Driver_14', 290, 72, 1.7, 15.9, 170.6, 18.24, 0.248]]",0.0,0.628,0.628,0,1.0,0.6,0.75
gpt-4o_mini,data/db_numerical_simple.sqlite,logistics_delivery,SELECT `speed_kmph` FROM `logistics_delivery` ORDER BY `speed_kmph` ASC LIMIT 5,Select only the column `speed_kmph` from `logistics_delivery`. Sort it in ascending order and return the first 5 values.,"[[9.3], [10.4], [11.0], [11.4], [15.6]]",0.0,1.0,1.0,1,1.0,1.0,1.0
gpt-4o_mini,data/db_numerical_simple.sqlite,logistics_delivery,SELECT `speed_kmph` FROM `logistics_delivery` ORDER BY `speed_kmph` DESC LIMIT 5,Select only the column `speed_kmph` from `logistics_delivery`. Sort it in descending order and return the first 5 values.,"[[170.6], [110.5], [94.7], [91.2], [82.1]]",0.0,1.0,1.0,1,1.0,1.0,1.0
gpt-4o_mini,data/db_numerical_simple.sqlite,logistics_delivery,SELECT `id` FROM `logistics_delivery` ORDER BY `id` ASC LIMIT 5,Select only the column `id` from `logistics_delivery`. Sort it in ascending order and return the first 5 values.,"[[1], [2], [3], [4], [5]]",0.0,1.0,1.0,1,1.0,1.0,1.0
gpt-4o_mini,data/db_numerical_simple.sqlite,logistics_delivery,SELECT `id` FROM `logistics_delivery` ORDER BY `id` DESC LIMIT 5,Select only the column `id` from `logistics_delivery`. Sort it in descending order and return the first 5 values.,"[[25], [24], [23], [22], [21]]",0.0,1.0,1.0,1,1.0,1.0,1.0
gpt-4o_mini,data/db_numerical_simple.sqlite,logistics_delivery,SELECT `time_hrs` FROM `logistics_delivery` ORDER BY `time_hrs` ASC LIMIT 5,Select only the column `time_hrs` from `logistics_delivery`. Sort it in ascending order and return the first 5 values.,"[[1.7], [1.9], [2.3], [2.5], [2.6]]",0.0,1.0,1.0,1,1.0,1.0,1.0
gpt-4o_mini,data/db_numerical_simple.sqlite,logistics_delivery,SELECT `time_hrs` FROM `logistics_delivery` ORDER BY `time_hrs` DESC LIMIT 5,Select only the column `time_hrs` from `logistics_delivery`. Sort it in descending order and return the first 5 values.,"[[5.8], [5.8], [5.8], [5.7], [5.6]]",0.0,1.0,1.0,1,1.0,1.0,1.0
gpt-4o_mini,data/db_numerical_simple.sqlite,logistics_delivery,SELECT `packages_per_km` FROM `logistics_delivery` ORDER BY `packages_per_km` ASC LIMIT 5,Select only the column `packages_per_km` from `logistics_delivery`. Sort it in ascending order and return the first 5 values.,"[[0.044], [0.065], [0.07], [0.092], [0.097]]",0.0,1.0,1.0,1,1.0,1.0,1.0
gpt-4o_mini,data/db_numerical_simple.sqlite,logistics_delivery,SELECT `packages_per_km` FROM `logistics_delivery` ORDER BY `packages_per_km` DESC LIMIT 5,Select only the column `packages_per_km` from `logistics_delivery`. Sort it in descending order and return the first 5 values.,"[[1.5], [1.442], [0.707], [0.683], [0.617]]",0.0,1.0,1.0,1,1.0,1.0,1.0
gpt-4o_mini,data/db_numerical_simple.sqlite,logistics_delivery,SELECT `driver_name` FROM `logistics_delivery` ORDER BY `driver_name` ASC LIMIT 5,Select only the column `driver_name` from `logistics_delivery`. Sort it in ascending order and return the first 5 values.,"[['Driver_1'], ['Driver_10'], ['Driver_11'], ['Driver_12'], ['Driver_13']]",0.0,1.0,1.0,1,1.0,1.0,1.0
gpt-4o_mini,data/db_numerical_simple.sqlite,logistics_delivery,SELECT `driver_name` FROM `logistics_delivery` ORDER BY `driver_name` DESC LIMIT 5,Select only the column `driver_name` from `logistics_delivery`. Sort it in descending order and return the first 5 values.,"[['Driver_9'], ['Driver_8'], ['Driver_7'], ['Driver_6'], ['Driver_5']]",0.0,1.0,1.0,1,1.0,1.0,1.0
gpt-4o_mini,data/db_numerical_simple.sqlite,products,SELECT * FROM `products` ORDER BY `total_revenue` ASC LIMIT 5,"List the top 5 rows from the table `products`, sorted by the column `total_revenue` in ascending order.","[['12', 'Mouse Logitech', 'Electronics', '7.12', '402', '2862.24', 'No'], ['5', 'Samsung TV', 'Electronics', '651.46', '14', '9120.44', 'No'], ['14', 'Zaino Eastpak', 'Accessories', '848.38', '24', '20361.12', 'Yes'], ['23', 'Birra Heineken', 'Food', '76.74', '250', '19185.0', 'Yes'], ['25', 'Stampante HP', 'Electronics', '390.56', '105', '41008.8', 'Yes']]",0.0,0.483,0.483,0,1.0,0.4,0.0
gpt-4o_mini,data/db_numerical_simple.sqlite,products,SELECT * FROM `products` ORDER BY `total_revenue` DESC LIMIT 5,"List the top 5 rows from the table `products`, sorted by the column `total_revenue` in descending order.","[['7', 'Lavatrice LG', 'Electronics', '962.74', '512', '492922.88', 'Yes'], ['9', 'Batterie Duracell', 'Electronics', '1184.27', '407', '481997.89', 'Yes'], ['27', 'Monitor Samsung', 'Electronics', '765.25', '743', '568580.75', 'Yes'], ['0', 'Pasta Barilla', 'Food', '466.72', '622', '290299.84', 'Yes'], ['2', 'Penna BIC', 'Stationery', '994.57', '471', '468442.47', 'Yes']]",0.0,0.069,0.067,0,1.0,0.0,0.5
gpt-4o_mini,data/db_numerical_simple.sqlite,products,SELECT * FROM `products` ORDER BY `is_top_seller` ASC LIMIT 5,"List the top 5 rows from the table `products`, sorted by the column `is_top_seller` in ascending order.","[['5', 'Samsung TV', 'Electronics', '651.46', '14', '9120.44', 'No'], ['12', 'Mouse Logitech', 'Electronics', '7.12', '402', '2862.24', 'No'], ['0', 'Pasta Barilla', 'Food', '466.72', '622', '290299.84', 'Yes'], ['1', 'iPhone 13', 'Electronics', '325.98', '952', '310332.96', 'Yes'], ['2', 'Penna BIC', 'Stationery', '994.57', '471', '468442.47', 'Yes']]",0.0,1.0,1.0,1,1.0,1.0,1.0
gpt-4o_mini,data/db_numerical_simple.sqlite,products,SELECT * FROM `products` ORDER BY `is_top_seller` DESC LIMIT 5,"List the top 5 rows from the table `products`, sorted by the column `is_top_seller` in descending order.","[['0', 'Pasta Barilla', 'Food', '466.72', '622', '290299.84', 'Yes'], ['1', 'iPhone 13', 'Electronics', '325.98', '952', '310332.96', 'Yes'], ['2', 'Penna BIC', 'Stationery', '994.57', '471', '468442.47', 'Yes'], ['3', 'Laptop Dell', 'Electronics', '428.43', '652', '279336.36', 'Yes'], ['4', 'Coca Cola', 'Food', '337.48', '778', '262559.44', 'Yes']]",0.0,1.0,1.0,1,1.0,1.0,1.0
gpt-4o_mini,data/db_numerical_simple.sqlite,products,SELECT * FROM `products` ORDER BY `units_sold` ASC LIMIT 5,"List the top 5 rows from the table `products`, sorted by the column `units_sold` in ascending order.","[['5', 'Samsung TV', 'Electronics', '651.46', '14', '9120.44', 'No'], ['14', 'Zaino Eastpak', 'Accessories', '848.38', '24', '20361.12', 'Yes'], ['23', 'Birra Heineken', 'Food', '76.74', '250', '19185.0', 'Yes'], ['25', 'Stampante HP', 'Electronics', '390.56', '105', '41008.8', 'Yes'], ['6', 'Notebook', 'Stationery', '169.54', '227', '38485.58', 'Yes']]",0.0,0.8,0.828,0,1.0,0.8,0.5
gpt-4o_mini,data/db_numerical_simple.sqlite,products,SELECT * FROM `products` ORDER BY `units_sold` DESC LIMIT 5,"List the top 5 rows from the table `products`, sorted by the column `units_sold` in descending order.","[['1', 'iPhone 13', 'Electronics', '325.98', '952', '310332.96', 'Yes'], ['17', 'T-shirt H&M', 'Clothing', '89.32', '901', '80477.32', 'Yes'], ['11', 'AirPods', 'Electronics', '238.86', '804', '192043.44', 'Yes'], ['8', 'Frigorifero Bosch', 'Electronics', '89.92', '776', '69777.92', 'Yes'], ['22', 'Occhiali RayBan', 'Accessories', '397.41', '752', '298852.32', 'Yes']]",0.0,0.483,0.483,0,1.0,0.4,1.0
gpt-4o_mini,data/db_numerical_simple.sqlite,products,SELECT * FROM `products` ORDER BY `price` ASC LIMIT 5,"List the top 5 rows from the table `products`, sorted by the column `price` in ascending order.","[['12', 'Mouse Logitech', 'Electronics', '7.12', '402', '2862.24', 'No'], ['23', 'Birra Heineken', 'Food', '76.74', '250', '19185.0', 'Yes'], ['17', 'T-shirt H&M', 'Clothing', '89.32', '901', '80477.32', 'Yes'], ['8', 'Frigorifero Bosch', 'Electronics', '89.92', '776', '69777.92', 'Yes'], ['4', 'Coca Cola', 'Food', '337.48', '778', '262559.44', 'Yes']]",0.0,0.067,0.071,0,1.0,0.0,0.5
gpt-4o_mini,data/db_numerical_simple.sqlite,products,SELECT * FROM `products` ORDER BY `price` DESC LIMIT 5,"List the top 5 rows from the table `products`, sorted by the column `price` in descending order.","[['9', 'Batterie Duracell', 'Electronics', '1184.27', '407', '481997.89', 'Yes'], ['28', 'USB Kingston', 'Electronics', '1064.71', '494', '525966.74', 'Yes'], ['2', 'Penna BIC', 'Stationery', '994.57', '471', '468442.47', 'Yes'], ['13', 'Tastiera Apple', 'Electronics', '978.65', '216', '211388.4', 'Yes'], ['7', 'Lavatrice LG', 'Electronics', '962.74', '512', '492922.88', 'Yes']]",0.0,0.643,0.6,0,1.0,0.6,1.0
gpt-4o_mini,data/db_numerical_simple.sqlite,products,SELECT * FROM `products` ORDER BY `category` + `units_sold` + `is_top_seller` ASC LIMIT 5,"Compute the sum of the columns category, units_sold, is_top_seller for each row in `products`. Sort all rows in ascending order by this sum and return the first 5 rows.","[['12', 'Mouse Logitech', 'Electronics', '7.12', '402', '2862.24', 'No'], ['5', 'Samsung TV', 'Electronics', '651.46', '14', '9120.44', 'No'], ['14', 'Zaino Eastpak', 'Accessories', '848.38', '24', '20361.12', 'Yes'], ['23', 'Birra Heineken', 'Food', '76.74', '250', '19185.0', 'Yes'], ['29', 'Peluche IKEA', 'Toys', '566.92', '416', '235838.72', 'Yes']]",0.0,0.433,0.448,0,1.0,0.4,1.0
gpt-4o_mini,data/db_numerical_simple.sqlite,products,SELECT * FROM `products` ORDER BY `category` + `units_sold` + `is_top_seller` DESC LIMIT 5,"Compute the sum of the columns category, units_sold, is_top_seller for each row in `products`. Sort all rows in descending order by this sum and return the first 5 rows.","[['1', 'iPhone 13', 'Electronics', '325.98', '952', '310332.96', 'Yes'], ['17', 'T-shirt H&M', 'Clothing', '89.32', '901', '80477.32', 'Yes'], ['26', 'Router TP-Link', 'Electronics', '875.66', '909', '795974.94', 'Yes'], ['11', 'AirPods', 'Electronics', '238.86', '804', '192043.44', 'Yes'], ['8', 'Frigorifero Bosch', 'Electronics', '89.92', '776', '69777.92', 'Yes']]",0.0,0.643,0.621,0,1.0,0.6,0.75
gpt-4o_mini,data/db_numerical_simple.sqlite,products,SELECT * FROM `products` ORDER BY `category` + `price` ASC LIMIT 5,"Compute the sum of the columns category, price for each row in `products`. Sort all rows in ascending order by this sum and return the first 5 rows.","[['17', 'T-shirt H&M', 'Clothing', '89.32', '901', '80477.32', 'Yes'], ['8', 'Frigorifero Bosch', 'Electronics', '89.92', '776', '69777.92', 'Yes'], ['23', 'Birra Heineken', 'Food', '76.74', '250', '19185.0', 'Yes'], ['24', 'Caff Lavazza', 'Food', '373.52', '573', '214026.96', 'Yes'], ['4', 'Coca Cola', 'Food', '337.48', '778', '262559.44', 'Yes']]",0.0,0.655,0.633,0,1.0,0.6,0.25
gpt-4o_mini,data/db_numerical_simple.sqlite,products,SELECT * FROM `products` ORDER BY `category` + `price` DESC LIMIT 5,"Compute the sum of the columns category, price for each row in `products`. Sort all rows in descending order by this sum and return the first 5 rows.","[['9', 'Batterie Duracell', 'Electronics', '1184.27', '407', '481997.89', 'Yes'], ['2', 'Penna BIC', 'Stationery', '994.57', '471', '468442.47', 'Yes'], ['13', 'Tastiera Apple', 'Electronics', '978.65', '216', '211388.4', 'Yes'], ['7', 'Lavatrice LG', 'Electronics', '962.74', '512', '492922.88', 'Yes'], ['10', 'Orologio Casio', 'Accessories', '926.81', '880', '815592.8', 'Yes']]",0.0,0.621,0.643,0,1.0,0.6,1.0
gpt-4o_mini,data/db_numerical_simple.sqlite,products,SELECT * FROM `products` ORDER BY `units_sold` + `total_revenue` + `is_top_seller` ASC LIMIT 5,"Compute the sum of the columns units_sold, total_revenue, is_top_seller for each row in `products`. Sort all rows in ascending order by this sum and return the first 5 rows.","[['5', 'Samsung TV', 'Electronics', '651.46', '14', '9120.44', 'No'], ['14', 'Zaino Eastpak', 'Accessories', '848.38', '24', '20361.12', 'Yes'], ['23', 'Birra Heineken', 'Food', '76.74', '250', '19185.0', 'Yes'], ['25', 'Stampante HP', 'Electronics', '390.56', '105', '41008.8', 'Yes'], ['6', 'Notebook', 'Stationery', '169.54', '227', '38485.58', 'Yes']]",0.0,0.833,0.833,0,1.0,0.8,0.9
gpt-4o_mini,data/db_numerical_simple.sqlite,products,SELECT * FROM `products` ORDER BY `units_sold` + `total_revenue` + `is_top_seller` DESC LIMIT 5,"Compute the sum of the columns units_sold, total_revenue, is_top_seller for each row in `products`. Sort all rows in descending order by this sum and return the first 5 rows.","[['9', 'Batterie Duracell', 'Electronics', '1184.27', '407', '481997.89', 'Yes'], ['26', 'Router TP-Link', 'Electronics', '875.66', '909', '795974.94', 'Yes'], ['7', 'Lavatrice LG', 'Electronics', '962.74', '512', '492922.88', 'Yes'], ['10', 'Orologio Casio', 'Accessories', '926.81', '880', '815592.8', 'Yes'], ['15', 'Scarpe Nike', 'Clothing', '874.94', '867', '758572.98', 'Yes']]",0.0,0.655,0.655,0,1.0,0.6,0.75
gpt-4o_mini,data/db_numerical_simple.sqlite,products,SELECT * FROM `products` ORDER BY `price` + `is_top_seller` ASC LIMIT 5,"Compute the sum of the columns price, is_top_seller for each row in `products`. Sort all rows in ascending order by this sum and return the first 5 rows.","[['12', 'Mouse Logitech', 'Electronics', 7.12, 402, 2862.24, 'No', 7.12], ['23', 'Birra Heineken', 'Food', 76.74, 250, 19185.0, 'Yes', 77.74], ['17', 'T-shirt H&M', 'Clothing', 89.32, 901, 80477.32, 'Yes', 90.32], ['8', 'Frigorifero Bosch', 'Electronics', 89.92, 776, 69777.92, 'Yes', 90.92], ['19', 'Tablet Lenovo', 'Electronics', 139.48, 700, 97636.0, 'Yes', 140.48]]",0.0,0.441,0.5,0,1.0,0.0,0.5
gpt-4o_mini,data/db_numerical_simple.sqlite,products,SELECT * FROM `products` ORDER BY `price` + `is_top_seller` DESC LIMIT 5,"Compute the sum of the columns price, is_top_seller for each row in `products`. Sort all rows in descending order by this sum and return the first 5 rows.","[['9', 'Batterie Duracell', 'Electronics', 1184.27, 407, 481997.89, 'Yes', 1185.27], ['28', 'USB Kingston', 'Electronics', 1064.71, 494, 525966.74, 'Yes', 1065.71], ['20', 'Fotocamera Canon', 'Electronics', 1035.79, 584, 604901.36, 'Yes', 1036.79], ['13', 'Tastiera Apple', 'Electronics', 978.65, 216, 211388.4, 'Yes', 979.65], ['7', 'Lavatrice LG', 'Electronics', 962.74, 512, 492922.88, 'Yes', 963.74]]",0.0,0.312,0.357,0,1.0,0.0,0.5
gpt-4o_mini,data/db_numerical_simple.sqlite,products,SELECT * FROM `products` ORDER BY `category` + `units_sold` + `total_revenue` ASC LIMIT 5,"Compute the sum of the columns category, units_sold, total_revenue for each row in `products`. Sort all rows in ascending order by this sum and return the first 5 rows.","[['12', 'Mouse Logitech', 'Electronics', 7.12, 402, 2862.24, 'No', 3267.24], ['5', 'Samsung TV', 'Electronics', 651.46, 14, 9120.44, 'No', 9134.44], ['23', 'Birra Heineken', 'Food', 76.74, 250, 19185.0, 'Yes', 19435.0], ['14', 'Zaino Eastpak', 'Accessories', 848.38, 24, 20361.12, 'Yes', 20385.12], ['25', 'Stampante HP', 'Electronics', 390.56, 105, 41008.8, 'Yes', 41113.8]]",0.0,0.371,0.433,0,1.0,0.0,0.5
gpt-4o_mini,data/db_numerical_simple.sqlite,products,SELECT * FROM `products` ORDER BY `category` + `units_sold` + `total_revenue` DESC LIMIT 5,"Compute the sum of the columns category, units_sold, total_revenue for each row in `products`. Sort all rows in descending order by this sum and return the first 5 rows.","[['10', 'Orologio Casio', 'Accessories', 926.81, 880, 815592.8, 'Yes', 816472.8], ['26', 'Router TP-Link', 'Electronics', 875.66, 909, 795974.94, 'Yes', 796883.94], ['15', 'Scarpe Nike', 'Clothing', 874.94, 867, 758572.98, 'Yes', 759439.98], ['21', 'Borsa Prada', 'Accessories', 748.15, 873, 653134.95, 'Yes', 654007.95], ['20', 'Fotocamera Canon', 'Electronics', 1035.79, 584, 604901.36, 'Yes', 605485.36]]",0.0,0.412,0.483,0,1.0,0.0,0.5
gpt-4o_mini,data/db_numerical_simple.sqlite,products,SELECT `category` FROM `products` ORDER BY `category` ASC LIMIT 5,Select only the column `category` from `products`. Sort it in ascending order and return the first 5 values.,"[['Accessories'], ['Accessories'], ['Accessories'], ['Accessories'], ['Clothing']]",0.0,1.0,1.0,1,1.0,1.0,1.0
gpt-4o_mini,data/db_numerical_simple.sqlite,products,SELECT `category` FROM `products` ORDER BY `category` DESC LIMIT 5,Select only the column `category` from `products`. Sort it in descending order and return the first 5 values.,"[['Toys'], ['Stationery'], ['Stationery'], ['Food'], ['Food']]",0.0,1.0,1.0,1,1.0,1.0,1.0
gpt-4o_mini,data/db_numerical_simple.sqlite,products,SELECT `price` FROM `products` ORDER BY `price` ASC LIMIT 5,Select only the column `price` from `products`. Sort it in ascending order and return the first 5 values.,"[['7.12'], ['76.74'], ['89.32'], ['89.92'], ['139.48']]",0.0,0.2,0.2,0,1.0,0.2,1.0
gpt-4o_mini,data/db_numerical_simple.sqlite,products,SELECT `price` FROM `products` ORDER BY `price` DESC LIMIT 5,Select only the column `price` from `products`. Sort it in descending order and return the first 5 values.,"[['1184.27'], ['1064.71'], ['1035.79'], ['994.57'], ['978.65']]",0.0,0.4,0.4,0,1.0,0.4,1.0
gpt-4o_mini,data/db_numerical_simple.sqlite,products,SELECT `units_sold` FROM `products` ORDER BY `units_sold` ASC LIMIT 5,Select only the column `units_sold` from `products`. Sort it in ascending order and return the first 5 values.,"[['14'], ['24'], ['105'], ['216'], ['227']]",0.0,1.0,1.0,1,1.0,1.0,0.6
gpt-4o_mini,data/db_numerical_simple.sqlite,products,SELECT `units_sold` FROM `products` ORDER BY `units_sold` DESC LIMIT 5,Select only the column `units_sold` from `products`. Sort it in descending order and return the first 5 values.,"[['952'], ['909'], ['901'], ['880'], ['873']]",0.0,1.0,1.0,1,1.0,1.0,1.0
gpt-4o_mini,data/db_numerical_simple.sqlite,products,SELECT `total_revenue` FROM `products` ORDER BY `total_revenue` ASC LIMIT 5,Select only the column `total_revenue` from `products`. Sort it in ascending order and return the first 5 values.,"[['19185.0'], ['20361.12'], ['2862.24'], ['38485.58'], ['41008.8']]",0.0,0.4,0.4,0,1.0,0.4,1.0
gpt-4o_mini,data/db_numerical_simple.sqlite,products,SELECT `total_revenue` FROM `products` ORDER BY `total_revenue` DESC LIMIT 5,Select only the column `total_revenue` from `products`. Sort it in descending order and return the first 5 values.,"[['815592.8'], ['795974.94'], ['758572.98'], ['653134.95'], ['604901.36']]",0.0,0.4,0.4,0,1.0,0.4,1.0
gpt-4o_mini,data/db_numerical_simple.sqlite,products,SELECT `is_top_seller` FROM `products` ORDER BY `is_top_seller` ASC LIMIT 5,Select only the column `is_top_seller` from `products`. Sort it in ascending order and return the first 5 values.,"[['No'], ['No'], ['Yes'], ['Yes'], ['Yes']]",0.0,1.0,1.0,1,1.0,1.0,1.0
gpt-4o_mini,data/db_numerical_simple.sqlite,products,SELECT `is_top_seller` FROM `products` ORDER BY `is_top_seller` DESC LIMIT 5,Select only the column `is_top_seller` from `products`. Sort it in descending order and return the first 5 values.,"[['Yes'], ['Yes'], ['Yes'], ['Yes'], ['Yes']]",0.0,1.0,1.0,1,1.0,1.0,1.0
gpt-4o_mini,data/db_numerical_simple.sqlite,student_performance,SELECT * FROM `student_performance` ORDER BY `average_score` ASC LIMIT 5,"List the top 5 rows from the table `student_performance`, sorted by the column `average_score` in ascending order.","[[15, 'Student_16', 62, 30, 46.0, 'No'], [7, 'Student_8', 40, 54, 47.0, 'No'], [9, 'Student_10', 52, 42, 47.0, 'No'], [14, 'Student_15', 42, 53, 47.5, 'No'], [12, 'Student_13', 31, 56, 43.5, 'No']]",0.0,0.833,0.833,0,1.0,0.0,0.5
gpt-4o_mini,data/db_numerical_simple.sqlite,student_performance,SELECT * FROM `student_performance` ORDER BY `average_score` DESC LIMIT 5,"List the top 5 rows from the table `student_performance`, sorted by the column `average_score` in descending order.","[[23, 'Student_24', 85, 87, 86.0, 'Yes'], [22, 'Student_23', 98, 94, 96.0, 'Yes'], [24, 'Student_25', 97, 46, 71.5, 'Yes'], [16, 'Student_17', 90, 92, 91.0, 'Yes'], [18, 'Student_19', 84, 75, 79.5, 'Yes']]",0.0,0.615,0.64,0,1.0,0.0,0.5
gpt-4o_mini,data/db_numerical_simple.sqlite,student_performance,SELECT * FROM `student_performance` ORDER BY `english_score` ASC LIMIT 5,"List the top 5 rows from the table `student_performance`, sorted by the column `english_score` in ascending order.","[[15, 'Student_16', 62, 30, 46.0, 'No'], [11, 'Student_12', 92, 32, 62.0, 'Yes'], [24, 'Student_25', 97, 46, 71.5, 'Yes'], [14, 'Student_15', 42, 53, 47.5, 'No'], [4, 'Student_5', 51, 52, 51.5, 'Yes']]",0.0,0.56,0.56,0,1.0,0.0,0.5
gpt-4o_mini,data/db_numerical_simple.sqlite,student_performance,SELECT * FROM `student_performance` ORDER BY `english_score` DESC LIMIT 5,"List the top 5 rows from the table `student_performance`, sorted by the column `english_score` in descending order.","[[22, 'Student_23', 98, 94, 96.0, 'Yes'], [1, 'Student_2', 48, 93, 70.5, 'Yes'], [16, 'Student_17', 90, 92, 91.0, 'Yes'], [24, 'Student_25', 85, 87, 86.0, 'Yes'], [0, 'Student_1', 82, 85, 83.5, 'Yes']]",0.0,0.84,0.84,0,1.0,0.0,0.5
gpt-4o_mini,data/db_numerical_simple.sqlite,student_performance,SELECT * FROM `student_performance` ORDER BY `math_score` ASC LIMIT 5,"List the top 5 rows from the table `student_performance`, sorted by the column `math_score` in ascending order.","[[13, 'Student_13', 31, 56, 43.5, 'No'], [6, 'Student_7', 37, 75, 56.0, 'Yes'], [8, 'Student_9', 40, 54, 47.0, 'No'], [14, 'Student_15', 42, 53, 47.5, 'No'], [1, 'Student_2', 48, 93, 70.5, 'Yes']]",0.0,0.692,0.72,0,1.0,0.2,1.0
gpt-4o_mini,data/db_numerical_simple.sqlite,student_performance,SELECT * FROM `student_performance` ORDER BY `math_score` DESC LIMIT 5,"List the top 5 rows from the table `student_performance`, sorted by the column `math_score` in descending order.","[[23, 'Student_23', 98, 94, 96.0, 'Yes'], [25, 'Student_25', 97, 46, 71.5, 'Yes'], [11, 'Student_11', 92, 32, 62.0, 'Yes'], [17, 'Student_17', 90, 92, 91.0, 'Yes'], [24, 'Student_24', 85, 87, 86.0, 'Yes']]",0.0,1.0,1.0,1,1.0,1.0,1.0
gpt-4o_mini,data/db_numerical_simple.sqlite,student_performance,SELECT * FROM `student_performance` ORDER BY `id` ASC LIMIT 5,"List the top 5 rows from the table `student_performance`, sorted by the column `id` in ascending order.","[[1, 'Student_1', 82, 85, 83.5, 'Yes'], [2, 'Student_2', 48, 93, 70.5, 'Yes'], [3, 'Student_3', 52, 58, 55.0, 'Yes'], [4, 'Student_4', 62, 83, 72.5, 'Yes'], [5, 'Student_5', 51, 52, 51.5, 'Yes']]",0.0,1.0,1.0,1,1.0,1.0,1.0
gpt-4o_mini,data/db_numerical_simple.sqlite,student_performance,SELECT * FROM `student_performance` ORDER BY `id` DESC LIMIT 5,"List the top 5 rows from the table `student_performance`, sorted by the column `id` in descending order.","[[25, 'Student_25', 97, 46, 71.5, 'Yes'], [24, 'Student_24', 85, 87, 86.0, 'Yes'], [23, 'Student_23', 98, 94, 96.0, 'Yes'], [22, 'Student_22', 60, 41, 50.5, 'Yes'], [21, 'Student_21', 49, 55, 52.0, 'Yes']]",0.0,1.0,1.0,1,1.0,1.0,1.0
gpt-4o_mini,data/db_numerical_simple.sqlite,student_performance,SELECT * FROM `student_performance` ORDER BY `student_name` + `math_score` + `pass_status` ASC LIMIT 5,"Compute the sum of the columns student_name, math_score, pass_status for each row in `student_performance`. Sort all rows in ascending order by this sum and return the first 5 rows.","[[6, 'Student_6', 37, 75, 56.0, 'Yes', 38], [13, 'Student_13', 31, 56, 43.5, 'No', 31], [8, 'Student_8', 40, 54, 47.0, 'No', 40], [15, 'Student_15', 42, 53, 47.5, 'No', 42], [11, 'Student_11', 92, 32, 62.0, 'Yes', 93]]",0.0,0.75,0.84,0,1.0,0.0,0.5
gpt-4o_mini,data/db_numerical_simple.sqlite,student_performance,SELECT * FROM `student_performance` ORDER BY `student_name` + `math_score` + `pass_status` DESC LIMIT 5,"Compute the sum of the columns student_name, math_score, pass_status for each row in `student_performance`. Sort all rows in descending order by this sum and return the first 5 rows.","[[23, 'Student_23', 98, 94, 96.0, 'Yes', 99], [25, 'Student_25', 97, 46, 71.5, 'Yes', 98], [11, 'Student_11', 92, 32, 62.0, 'Yes', 93], [17, 'Student_17', 90, 92, 91.0, 'Yes', 91], [24, 'Student_24', 85, 87, 86.0, 'Yes', 86]]",0.0,0.926,1.0,0,1.0,0.0,0.5
gpt-4o_mini,data/db_numerical_simple.sqlite,student_performance,SELECT * FROM `student_performance` ORDER BY `student_name` + `math_score` + `average_score` ASC LIMIT 5,"Compute the sum of the columns student_name, math_score, average_score for each row in `student_performance`. Sort all rows in ascending order by this sum and return the first 5 rows.","[[12, 'Student_12', 47, 60, 53.5, 'Yes', 100.5], [15, 'Student_15', 42, 53, 47.5, 'No', 89.5], [7, 'Student_7', 76, 84, 80.0, 'Yes', 156], [6, 'Student_6', 37, 75, 56.0, 'Yes', 93], [14, 'Student_14', 81, 76, 78.5, 'Yes', 159.5]]",0.0,0.419,0.542,0,1.0,0.0,0.5
gpt-4o_mini,data/db_numerical_simple.sqlite,student_performance,SELECT * FROM `student_performance` ORDER BY `student_name` + `math_score` + `average_score` DESC LIMIT 5,"Compute the sum of the columns student_name, math_score, average_score for each row in `student_performance`. Sort all rows in descending order by this sum and return the first 5 rows.","[[23, 'Student_23', 98, 94, 96.0, 'Yes', 194.0], [25, 'Student_25', 97, 46, 71.5, 'Yes', 168.5], [24, 'Student_24', 85, 87, 86.0, 'Yes', 171.0], [19, 'Student_19', 84, 75, 79.5, 'Yes', 163.5], [17, 'Student_17', 90, 92, 91.0, 'Yes', 181.0]]",0.0,0.677,0.84,0,1.0,0.0,0.5
gpt-4o_mini,data/db_numerical_simple.sqlite,student_performance,SELECT * FROM `student_performance` ORDER BY `student_name` + `average_score` + `pass_status` ASC LIMIT 5,"Compute the sum of the columns student_name, average_score, pass_status for each row in `student_performance`. Sort all rows in ascending order by this sum and return the first 5 rows.","[[8, 'Student_8', 40, 54, 47.0, 'No', 47.0], [15, 'Student_15', 42, 53, 47.5, 'No', 47.5], [16, 'Student_16', 62, 30, 46.0, 'No', 46.0], [13, 'Student_13', 31, 56, 43.5, 'No', 43.5], [12, 'Student_12', 47, 60, 53.5, 'Yes', 53.5]]",0.0,0.808,0.875,0,1.0,0.0,0.5
gpt-4o_mini,data/db_numerical_simple.sqlite,student_performance,SELECT * FROM `student_performance` ORDER BY `student_name` + `average_score` + `pass_status` DESC LIMIT 5,"Compute the sum of the columns student_name, average_score, pass_status for each row in `student_performance`. Sort all rows in descending order by this sum and return the first 5 rows.","[[23, 'Student_23', 98, 94, 96.0, 'Yes', 96.0], [17, 'Student_17', 90, 92, 91.0, 'Yes', 91.0], [24, 'Student_24', 85, 87, 86.0, 'Yes', 86.0], [13, 'Student_13', 81, 76, 78.5, 'Yes', 78.5], [18, 'Student_18', 78, 69, 73.5, 'Yes', 73.5]]",0.0,0.654,0.68,0,1.0,0.0,0.5
gpt-4o_mini,data/db_numerical_simple.sqlite,student_performance,SELECT * FROM `student_performance` ORDER BY `english_score` + `pass_status` ASC LIMIT 5,"Compute the sum of the columns english_score, pass_status for each row in `student_performance`. Sort all rows in ascending order by this sum and return the first 5 rows.","[[15, 'Student_16', 62, 30, 46.0, 'No', 30], [10, 'Student_11', 92, 32, 62.0, 'Yes', 33], [24, 'Student_25', 97, 46, 71.5, 'Yes', 47], [14, 'Student_15', 42, 53, 47.5, 'No', 53], [4, 'Student_5', 51, 52, 51.5, 'Yes', 53]]",0.0,0.593,0.64,0,1.0,0.0,0.5
gpt-4o_mini,data/db_numerical_simple.sqlite,student_performance,SELECT * FROM `student_performance` ORDER BY `english_score` + `pass_status` DESC LIMIT 5,"Compute the sum of the columns english_score, pass_status for each row in `student_performance`. Sort all rows in descending order by this sum and return the first 5 rows.","[[2, 'Student_2', 48, 93, 70.5, 'Yes', 94], [23, 'Student_24', 85, 87, 86.0, 'Yes', 88], [22, 'Student_23', 98, 94, 96.0, 'Yes', 95], [1, 'Student_1', 82, 85, 83.5, 'Yes', 86], [16, 'Student_17', 90, 92, 91.0, 'Yes', 93]]",0.0,0.852,0.92,0,1.0,0.0,0.5
gpt-4o_mini,data/db_numerical_simple.sqlite,student_performance,SELECT * FROM `student_performance` ORDER BY `id` + `average_score` + `pass_status` ASC LIMIT 5,"Compute the sum of the columns id, average_score, pass_status for each row in `student_performance`. Sort all rows in ascending order by this sum and return the first 5 rows.","[[1, 'Student_1', 82, 85, 83.5, 'Yes', 85.5], [2, 'Student_2', 48, 93, 70.5, 'Yes', 72.5], [3, 'Student_3', 52, 58, 55.0, 'Yes', 58.0], [4, 'Student_4', 62, 83, 72.5, 'Yes', 76.5], [5, 'Student_5', 51, 52, 51.5, 'Yes', 56.5]]",0.0,0.357,0.417,0,1.0,0.0,0.5
gpt-4o_mini,data/db_numerical_simple.sqlite,student_performance,SELECT * FROM `student_performance` ORDER BY `id` + `average_score` + `pass_status` DESC LIMIT 5,"Compute the sum of the columns id, average_score, pass_status for each row in `student_performance`. Sort all rows in descending order by this sum and return the first 5 rows.","[[25, 'Student_25', 97, 46, 71.5, 'Yes', 96.5], [23, 'Student_23', 98, 94, 96.0, 'Yes', 98.0], [24, 'Student_24', 85, 87, 86.0, 'Yes', 87.0], [17, 'Student_17', 90, 92, 91.0, 'Yes', 92.0], [19, 'Student_19', 84, 75, 79.5, 'Yes', 80.5]]",0.0,0.929,1.0,0,1.0,0.0,0.5
gpt-4o_mini,data/db_numerical_simple.sqlite,student_performance,SELECT `english_score` FROM `student_performance` ORDER BY `english_score` ASC LIMIT 5,Select only the column `english_score` from `student_performance`. Sort it in ascending order and return the first 5 values.,"[[30], [32], [41], [42], [46]]",0.0,1.0,1.0,1,1.0,1.0,1.0
gpt-4o_mini,data/db_numerical_simple.sqlite,student_performance,SELECT `english_score` FROM `student_performance` ORDER BY `english_score` DESC LIMIT 5,Select only the column `english_score` from `student_performance`. Sort it in descending order and return the first 5 values.,"[[94], [93], [92], [87], [85]]",0.0,1.0,1.0,1,1.0,1.0,1.0
gpt-4o_mini,data/db_numerical_simple.sqlite,student_performance,SELECT `id` FROM `student_performance` ORDER BY `id` ASC LIMIT 5,Select only the column `id` from `student_performance`. Sort it in ascending order and return the first 5 values.,"[[1], [2], [3], [4], [5]]",0.0,1.0,1.0,1,1.0,1.0,1.0
gpt-4o_mini,data/db_numerical_simple.sqlite,student_performance,SELECT `id` FROM `student_performance` ORDER BY `id` DESC LIMIT 5,Select only the column `id` from `student_performance`. Sort it in descending order and return the first 5 values.,"[[25], [24], [23], [22], [21]]",0.0,1.0,1.0,1,1.0,1.0,1.0
gpt-4o_mini,data/db_numerical_simple.sqlite,student_performance,SELECT `average_score` FROM `student_performance` ORDER BY `average_score` ASC LIMIT 5,Select only the column `average_score` from `student_performance`. Sort it in ascending order and return the first 5 values.,"[[43.5], [46.0], [47.0], [47.0], [47.5]]",0.0,1.0,1.0,1,1.0,1.0,1.0
gpt-4o_mini,data/db_numerical_simple.sqlite,student_performance,SELECT `average_score` FROM `student_performance` ORDER BY `average_score` DESC LIMIT 5,Select only the column `average_score` from `student_performance`. Sort it in descending order and return the first 5 values.,"[[96.0], [91.0], [86.0], [83.5], [80.0]]",0.0,1.0,1.0,1,1.0,1.0,1.0
gpt-4o_mini,data/db_numerical_simple.sqlite,student_performance,SELECT `pass_status` FROM `student_performance` ORDER BY `pass_status` ASC LIMIT 5,Select only the column `pass_status` from `student_performance`. Sort it in ascending order and return the first 5 values.,"[['No'], ['No'], ['No'], ['No'], ['No']]",0.0,1.0,1.0,1,1.0,1.0,1.0
gpt-4o_mini,data/db_numerical_simple.sqlite,student_performance,SELECT `pass_status` FROM `student_performance` ORDER BY `pass_status` DESC LIMIT 5,Select only the column `pass_status` from `student_performance`. Sort it in descending order and return the first 5 values.,"[['Yes'], ['Yes'], ['Yes'], ['Yes'], ['Yes']]",0.0,1.0,1.0,1,1.0,1.0,1.0
gpt-4o_mini,data/db_numerical_simple.sqlite,student_performance,SELECT `student_name` FROM `student_performance` ORDER BY `student_name` ASC LIMIT 5,Select only the column `student_name` from `student_performance`. Sort it in ascending order and return the first 5 values.,"[['Student_1'], ['Student_10'], ['Student_11'], ['Student_12'], ['Student_13']]",0.0,1.0,1.0,1,1.0,1.0,1.0
gpt-4o_mini,data/db_numerical_simple.sqlite,BMI,SELECT * FROM `BMI` ORDER BY `risk_category` ASC LIMIT 5,"List the top 5 rows from the table `BMI`, sorted by the column `risk_category` in ascending order.","[['1', 'Bob', '1.88', '57.8', '16.4', 'Low'], ['2', 'Carla', '1.79', '49.9', '15.6', 'Low'], ['7', 'Helen', '1.85', '52.3', '15.3', 'Low'], ['9', 'Jack', '1.78', '78.0', '24.6', 'Low'], ['10', 'Karen', '1.51', '54.2', '23.8', 'Low']]",0.0,0.0,0.0,0,1.0,0.0,0.5
gpt-4o_mini,data/db_numerical_simple.sqlite,BMI,SELECT * FROM `BMI` ORDER BY `risk_category` DESC LIMIT 5,"List the top 5 rows from the table `BMI`, sorted by the column `risk_category` in descending order.","[['4', 'Emma', '1.56', '117.4', '48.2', 'High'], ['5', 'Frank', '1.56', '105.6', '43.4', 'High'], ['3', 'David', '1.74', '116.2', '38.4', 'High'], ['20', 'Uma', '1.74', '117.7', '38.9', 'High'], ['13', 'Nina', '1.58', '113.2', '45.3', 'High']]",0.0,0.042,0.04,0,1.0,0.0,0.5
gpt-4o_mini,data/db_numerical_simple.sqlite,student_performance,SELECT `student_name` FROM `student_performance` ORDER BY `student_name` DESC LIMIT 5,Select only the column `student_name` from `student_performance`. Sort it in descending order and return the first 5 values.,"[['Student_25'], ['Student_24'], ['Student_23'], ['Student_22'], ['Student_21']]",0.0,0.0,0.0,0,1.0,0.0,0.5
