model,execution_type,db_path,table,sql_query,question,result,valid_efficiency_score,cell_precision,cell_recall,execution_accuracy,tuple_cardinality,tuple_constraint,tuple_order,VES
GPT-4o-mini,,data/db_categorical_simple.sqlite,dataset_animali,SELECT * FROM `dataset_animali` ORDER BY `Habitat` ASC LIMIT 5,"List the top 5 rows from the table `dataset_animali`, sorted by the column `Habitat` in ascending order.","[['Elefante africano', 'Mammifero', 'Savana africana', 70, 6000.0], ['Leone', 'Mammifero', 'Savana africana', 14, 190.0], ['Coccodrillo del Nilo', 'Rettile', 'Fiumi e laghi africani', 70, 500.0], ['Aquila reale', 'Uccello', 'Montagne e foreste', 25, 6.0], ['Pinguino imperatore', 'Uccello', 'Antartide', 20, 30.0]]",0.0,0.333,0.304,0.0,1.0,0.2,1.0,
GPT-4o-mini,,data/db_categorical_simple.sqlite,dataset_animali,SELECT `Nome` FROM `dataset_animali` ORDER BY `Nome` ASC LIMIT 5,Select only the column `Nome` from `dataset_animali`. Sort it in ascending order and return the first 5 values.,"[['Albatros urlatore'], ['Aquila reale'], ['Balena azzurra'], ['Canguro rosso'], ['Camaleonte pantera']]",0.0,1.0,1.0,1.0,1.0,1.0,0.95,
GPT-4o-mini,,data/db_categorical_simple.sqlite,dataset_auto,SELECT * FROM `dataset_auto` ORDER BY `Tipo` ASC LIMIT 5,"List the top 5 rows from the table `dataset_auto`, sorted by the column `Tipo` in ascending order.","[['Golf VIII', 'Volkswagen', 2021, 'Berlina', 130, 5.1, 'Germania'], ['Panda', 'Fiat', 2020, 'City car', 69, 4.9, 'Italia'], ['Model 3', 'Tesla', 2022, 'Elettrica', 283, 0.0, 'USA'], ['Qashqai', 'Nissan', 2021, 'SUV', 140, 6.2, 'Regno Unito'], ['208', 'Peugeot', 2022, 'Utilitaria', 100, 4.5, 'Francia']]",0.0,0.424,0.538,0.0,1.0,0.2,1.0,
GPT-4o-mini,,data/db_categorical_simple.sqlite,dataset_auto,SELECT * FROM `dataset_auto` ORDER BY `Anno` ASC LIMIT 5,"List the top 5 rows from the table `dataset_auto`, sorted by the column `Anno` in ascending order.","[['Golf VIII', 'Volkswagen', 2021, 'Berlina', 130, 5.1, 'Germania'], ['Panda', 'Fiat', 2020, 'Citycar', 69, 4.9, 'Italia'], ['Model 3', 'Tesla', 2022, 'Berlina', 283, 0.0, 'USA'], ['Qashqai', 'Nissan', 2021, 'SUV', 140, 6.2, 'Regno Unito'], ['208', 'Peugeot', 2022, 'Hatchback', 100, 4.5, 'Francia']]",0.0,0.688,0.759,0.0,1.0,0.6,0.75,
GPT-4o-mini,,data/db_categorical_simple.sqlite,dataset_auto,SELECT * FROM `dataset_auto` ORDER BY `Modello` DESC LIMIT 5,"List the top 5 rows from the table `dataset_auto`, sorted by the column `Modello` in descending order.",Modello,,0.0,0.0,0.0,0.0,0.0,0.0,0.0
GPT-4o-mini,,data/db_categorical_simple.sqlite,dataset_auto,SELECT * FROM `dataset_auto` ORDER BY `Marca` + `Cavalli` + `Paese di produzione` DESC LIMIT 5,"Compute the sum of the columns Marca, Cavalli, Paese di produzione for each row in `dataset_auto`. Sort all rows in descending order by this sum and return the first 5 rows.","[['Model 3', 'Tesla', 2022, 'Berlina', 283, 0.0, 'USA'], ['XC60', 'Volvo', 2022, 'SUV', 250, 7.1, 'Svezia'], ['Outlander PHEV', 'Mitsubishi', 2021, 'SUV', 224, 2.0, 'Giappone'], ['Serie 3', 'BMW', 2022, 'Berlina', 184, 5.6, 'Germania'], ['EQA', 'Mercedes-Benz', 2023, 'SUV', 190, 0.0, 'Germania']]",0.0,0.857,0.828,0.0,1.0,0.8,1.0,
GPT-4o-mini,,data/db_categorical_simple.sqlite,dataset_auto,SELECT `Marca` FROM `dataset_auto` ORDER BY `Marca` ASC LIMIT 5,Select only the column `Marca` from `dataset_auto`. Sort it in ascending order and return the first 5 values.,"[['Alfa Romeo'], ['Audi'], ['BMW'], ['Dacia'], ['Fiat']]",0.0,1.0,1.0,1.0,1.0,1.0,1.0,
GPT-4o-mini,,data/db_categorical_simple.sqlite,dataset_auto,SELECT `Modello` FROM `dataset_auto` ORDER BY `Modello` DESC LIMIT 5,Select only the column `Modello` from `dataset_auto`. Sort it in descending order and return the first 5 values.,"[['Model X'], ['Model 3'], ['Outlander'], ['Polo'], ['Panda']]",0.0,0.0,0.0,0.0,1.0,0.0,0.5,
GPT-4o-mini,,data/db_categorical_simple.sqlite,dataset_auto,SELECT `Anno` FROM `dataset_auto` ORDER BY `Anno` ASC LIMIT 5,Select only the column `Anno` from `dataset_auto`. Sort it in ascending order and return the first 5 values.,"[[2020], [2020], [2021], [2021], [2021]]",0.0,1.0,1.0,1.0,1.0,1.0,1.0,
GPT-4o-mini,,data/db_categorical_simple.sqlite,dataset_auto,SELECT `Anno` FROM `dataset_auto` ORDER BY `Anno` DESC LIMIT 5,Select only the column `Anno` from `dataset_auto`. Sort it in descending order and return the first 5 values.,"[[2023], [2023], [2023], [2022], [2022]]",0.0,1.0,1.0,1.0,1.0,0.0,1.0,
GPT-4o-mini,,data/db_categorical_simple.sqlite,dataset_film_famosi,SELECT * FROM `dataset_film_famosi` ORDER BY `Anno` ASC LIMIT 5,"List the top 5 rows from the table `dataset_film_famosi`, sorted by the column `Anno` in ascending order.","[['Il Padrino', 1972, 'Francis Ford Coppola', 'Drammatico', 175, 3], ['Casablanca', 1942, 'Michael Curtiz', 'Romantico', 102, 3], ['The Godfather Part II', 1974, 'Francis Ford Coppola', 'Drammatico', 202, 6], ['Pulp Fiction', 1994, 'Quentin Tarantino', 'Crime', 154, 1], ['Forrest Gump', 1994, 'Robert Zemeckis', 'Drammatico', 142, 6]]",0.0,0.625,0.556,0.0,1.0,0.6,0.75,
GPT-4o-mini,,data/db_categorical_simple.sqlite,dataset_film_famosi,SELECT * FROM `dataset_film_famosi` ORDER BY `Anno` DESC LIMIT 5,"List the top 5 rows from the table `dataset_film_famosi`, sorted by the column `Anno` in descending order.","[['Parasite', 2019, 'Bong Joon-ho', 'Thriller', 132, 4], ['La La Land', 2016, 'Damien Chazelle', 'Musical', 128, 6], ['Birdman', 2014, 'Alejandro G. Iñárritu', 'Commedia Drammatica', 119, 4], ['12 Years a Slave', 2013, 'Steve McQueen', 'Storico', 134, 3], ['Argo', 2012, 'Ben Affleck', 'Thriller', 120, 3]]",0.0,0.852,0.821,0.0,1.0,0.8,1.0,
GPT-4o-mini,,data/db_categorical_simple.sqlite,dataset_film_famosi,SELECT * FROM `dataset_film_famosi` ORDER BY `Regista` ASC LIMIT 5,"List the top 5 rows from the table `dataset_film_famosi`, sorted by the column `Regista` in ascending order.","[['Argo', 2012, 'Ben Affleck', 'Thriller', 120, 3], ['Inception', 2010, 'Christopher Nolan', 'Sci-Fi', 148, 4], ['Il Signore degli Anelli: Il ritorno del re', 2003, 'Peter Jackson', 'Fantasy', 201, 11], [""Schindler's List"", 1993, 'Steven Spielberg', 'Storico', 195, 7], ['The Shape of Water', 2017, 'Guillermo del Toro', 'Fantasy', 123, 4]]",0.0,0.429,0.444,0.0,1.0,0.4,1.0,
GPT-4o-mini,,data/db_categorical_simple.sqlite,dataset_film_famosi,SELECT * FROM `dataset_film_famosi` ORDER BY `Regista` + `Oscar vinti` DESC LIMIT 5,"Compute the sum of the columns Regista, Oscar vinti for each row in `dataset_film_famosi`. Sort all rows in descending order by this sum and return the first 5 rows.","[['Titanic', 1997, 'James Cameron', 'Romantico', 195, 11], ['Il Signore degli Anelli: Il ritorno del re', 2003, 'Peter Jackson', 'Fantasy', 201, 11], [""Schindler's List"", 1993, 'Steven Spielberg', 'Storico', 195, 7], ['The English Patient', 1996, 'Anthony Minghella', 'Romantico', 162, 9], ['Slumdog Millionaire', 2008, 'Danny Boyle', 'Drammatico', 120, 8]]",0.0,1.0,1.0,1.0,1.0,1.0,0.85,
GPT-4o-mini,,data/db_categorical_simple.sqlite,dataset_film_famosi,SELECT * FROM `dataset_film_famosi` ORDER BY `Titolo` + `Anno` + `Durata` ASC LIMIT 5,"Compute the sum of the columns Titolo, Anno, Durata for each row in `dataset_film_famosi`. Sort all rows in ascending order by this sum and return the first 5 rows.","[['Casablanca', 1942, 'Michael Curtiz', 'Romantico', 102, 3], ['The Silence of the Lambs', 1991, 'Jonathan Demme', 'Thriller', 118, 5], [""Schindler's List"", 1993, 'Steven Spielberg', 'Storico', 195, 7], ['Forrest Gump', 1994, 'Robert Zemeckis', 'Drammatico', 142, 6], ['Pulp Fiction', 1994, 'Quentin Tarantino', 'Crime', 154, 1]]",0.0,0.483,0.5,0.0,1.0,0.4,1.0,
GPT-4o-mini,,data/db_categorical_simple.sqlite,dataset_film_famosi,SELECT * FROM `dataset_film_famosi` ORDER BY `Anno` + `Oscar vinti` DESC LIMIT 5,"Compute the sum of the columns Anno, Oscar vinti for each row in `dataset_film_famosi`. Sort all rows in descending order by this sum and return the first 5 rows.","[['Parasite', 2019, 'Bong Joon-ho', 'Thriller', 132, 4], ['La La Land', 2016, 'Damien Chazelle', 'Musical', 128, 6], ['Birdman', 2014, 'Alejandro G. Iñárritu', 'Commedia Drammatica', 119, 4], ['12 Years a Slave', 2013, 'Steve McQueen', 'Storico', 134, 3], ['Argo', 2012, 'Ben Affleck', 'Thriller', 120, 3]]",0.0,0.667,0.643,0.0,1.0,0.6,1.0,
GPT-4o-mini,,data/db_categorical_simple.sqlite,dataset_film_famosi,SELECT `Anno` FROM `dataset_film_famosi` ORDER BY `Anno` ASC LIMIT 5,Select only the column `Anno` from `dataset_film_famosi`. Sort it in ascending order and return the first 5 values.,"[[1942], [1972], [1974], [1991], [1993]]",0.0,1.0,1.0,1.0,1.0,1.0,1.0,
GPT-4o-mini,,data/db_categorical_simple.sqlite,dataset_film_famosi,SELECT `Anno` FROM `dataset_film_famosi` ORDER BY `Anno` DESC LIMIT 5,Select only the column `Anno` from `dataset_film_famosi`. Sort it in descending order and return the first 5 values.,"[[2019], [2017], [2016], [2014], [2013]]",0.0,1.0,1.0,1.0,1.0,1.0,1.0,
GPT-4o-mini,,data/db_categorical_simple.sqlite,dataset_film_famosi,SELECT `Titolo` FROM `dataset_film_famosi` ORDER BY `Titolo` ASC LIMIT 5,Select only the column `Titolo` from `dataset_film_famosi`. Sort it in ascending order and return the first 5 values.,"[['12 Years a Slave'], ['American Beauty'], ['Argo'], ['Birdman'], ['Casablanca']]",0.0,1.0,1.0,1.0,1.0,1.0,1.0,
GPT-4o-mini,,data/db_categorical_simple.sqlite,monumenti_reali,SELECT * FROM `monumenti_reali` ORDER BY `anno_costruzione` ASC LIMIT 5,"List the top 5 rows from the table `monumenti_reali`, sorted by the column `anno_costruzione` in ascending order.","[['Piramide di Cheope', 'Egitto', 138.8, -2560, 'pietra calcarea'], ['Stonehenge', 'Regno Unito', 4.0, -2500, 'sarsen'], ['Acropoli di Atene', 'Grecia', 156.0, -447, 'marmo'], ['Colosseo', 'Italia', 48.0, 80, 'travertino'], ['Torre di Pisa', 'Italia', 56.7, 1173, 'marmo']]",0.0,0.652,0.6,0.0,1.0,0.6,1.0,
GPT-4o-mini,,data/db_categorical_simple.sqlite,monumenti_reali,SELECT * FROM `monumenti_reali` ORDER BY `paese` ASC LIMIT 5,"List the top 5 rows from the table `monumenti_reali`, sorted by the column `paese` in ascending order.","[['Atomium', 'Belgio', 102.0, 1958.0, 'acciaio'], ['Alhambra', 'Spagna', 26.0, 1333.0, 'pietra'], ['Cristo Redentore', 'Brasile', 38.0, 1931.0, 'cemento armato'], ['Big Ben', 'Regno Unito', 96.0, 1859.0, 'pietra'], ['Campanile di Giotto', 'Italia', 84.7, 1359.0, 'marmo']]",0.0,0.417,0.435,0.0,1.0,0.4,1.0,
GPT-4o-mini,,data/db_categorical_simple.sqlite,monumenti_reali,SELECT * FROM `monumenti_reali` ORDER BY `nome` DESC LIMIT 5,"List the top 5 rows from the table `monumenti_reali`, sorted by the column `nome` in descending order.","[['Torre di Pisa', 'Italia', 56.7, 1173.0, 'marmo'], ['Tour Eiffel', 'Francia', 330.0, 1889.0, 'ferro'], ['Stonehenge', 'Regno Unito', 4.0, -2500.0, 'sarsen'], ['Statua della Libertà', 'USA', 93.0, 1886.0, 'rame'], ['Sagrada Familia', 'Spagna', 172.5, 1882.0, 'pietra']]",0.0,0.8,0.833,0.0,1.0,0.8,0.9,
GPT-4o-mini,,data/db_categorical_simple.sqlite,monumenti_reali,SELECT * FROM `monumenti_reali` ORDER BY `altezza_m` + `anno_costruzione` ASC LIMIT 5,"Compute the sum of the columns altezza_m, anno_costruzione for each row in `monumenti_reali`. Sort all rows in ascending order by this sum and return the first 5 rows.","[['Stonehenge', 'Regno Unito', 4.0, -2500.0, 'sarsen'], ['Piramide di Cheope', 'Egitto', 138.8, -2560.0, 'pietra calcarea'], ['Acropoli di Atene', 'Grecia', 156.0, -447.0, 'marmo'], ['Petra', 'Giordania', 40.0, -300.0, 'arenaria'], ['Grande Muraglia', 'Cina', 7.8, -221.0, 'pietra']]",0.0,1.0,1.0,1.0,1.0,1.0,1.0,
GPT-4o-mini,,data/db_categorical_simple.sqlite,monumenti_reali,SELECT * FROM `monumenti_reali` ORDER BY `paese` + `materiale` ASC LIMIT 5,"Compute the sum of the columns paese, materiale for each row in `monumenti_reali`. Sort all rows in ascending order by this sum and return the first 5 rows.","[['Colosseo', 'Italia', 48.0, 80.0, 'travertino'], ['Torre di Pisa', 'Italia', 56.7, 1173.0, 'marmo'], ['Cristo Redentore', 'Brasile', 38.0, 1931.0, 'cemento armato'], ['Grande Muraglia', 'Cina', 7.8, -221.0, 'pietra'], ['Taj Mahal', 'India', 73.0, 1643.0, 'marmo']]",0.0,0.609,0.583,0.0,1.0,0.6,1.0,
GPT-4o-mini,,data/db_categorical_simple.sqlite,monumenti_reali,SELECT `nome` FROM `monumenti_reali` ORDER BY `nome` ASC LIMIT 5,Select only the column `nome` from `monumenti_reali`. Sort it in ascending order and return the first 5 values.,"[['Acropoli di Atene'], ['Alhambra'], ['Angkor Wat'], ['Atomium'], ['Big Ben']]",0.0,1.0,1.0,1.0,1.0,1.0,1.0,
GPT-4o-mini,,data/db_categorical_simple.sqlite,monumenti_reali,SELECT `anno_costruzione` FROM `monumenti_reali` ORDER BY `anno_costruzione` ASC LIMIT 5,Select only the column `anno_costruzione` from `monumenti_reali`. Sort it in ascending order and return the first 5 values.,"[[-2560.0], [-2500.0], [-447.0], [-300.0], [-221.0]]",0.0,1.0,1.0,1.0,1.0,1.0,1.0,
